 Region,CultureGroup,MacroPolity,PolID,Predecessor,Successor,Contested.1yr,Reign.Number.predecessor,Start.reign.predecessor,End.reign.Transition,Overturn,Assassination.Predecessor,Intra.elite,Military.revolt,Popular.uprising,Separatist.rebellion,External.invasion,External.interference,Conflict.name,Description,References,Zotero.URL
Upper Egypt,Pharaonic_Egypt,Early Dynastic Egypt,EgDyn1*,Horus Aha / Meni (Menes),Djer,U*,1,-3000,U*,A,A,U*,U*,U*,U*,A,U*,,"Hor-Aha / Mene was the first king of Dynasty 1 and the founder of Memphis. According to Manetho, he reigned for 62 years before being killed by a hippopotamus. We have only fragmentary information about his successor, Djer's reign (Clayton 1994: 22). NB: following Alan Lloyd, no firm dates for the rulers of Dynasties 0 and 1 due to a lack of evidence. According to Ian Shaw, Dynasty 0 lasted from 3200 to 3000 BCE, and Dynasty 1 from 3000-2890 BCE.","(Morby and Rozier 2014) Morby, John E., and Charlie Rozier. 2014. Dynasties of the World. 2nd ed., online edition. Oxford: Oxford University Press. DOI: 10.1093/acref/9780191780073.001.0001. Seshat URL: https://www.zotero.org/groups/seshat_databank/items/itemKey/3C5IVS6E $ (Clayton 1994, 14-22) Clayton, Peter A. 1994. Chronicle of the Pharaohs: The Reign-by-Reign Record of the Rulers and Dynasties of Ancient Egypt. London: Thames and Hudson. Seshat URL: https://www.zotero.org/groups/seshat_databank/items/itemKey/N9DP44W9 $ (Lloyd 2010) Lloyd, Alan B. 2010. “Chronology.” In A Companion to Ancient Egypt, edited by Alan B. Lloyd, 1:xxxii – xliii. Chichester: Wiley-Blackwell. Seshat URL: https://www.zotero.org/groups/seshat_databank/items/itemKey/R95E4VDR $ (Shaw 2000) Shaw, Ian. 2000. “Chronology.” In The Oxford History of Ancient Egypt, edited by Ian Shaw, 480–89. Oxford: Oxford University Press. Seshat URL: https://www.zotero.org/groups/seshat_databank/items/itemKey/48FRNB9P.",
Upper Egypt,Pharaonic_Egypt,Early Dynastic Egypt,EgDyn1*,Hetepsekhemwy,Raneb,U*,1,-2890,U*,U*,U*,U*,U*,U*,U*,A,U*,,"NB: following Alan Lloyd, no firm dates for the rulers of Dynasty 2 due to a lack of evidence. According to Ian Shaw (2000), the Dynasty spanned the period from 2890 to 2686 BCE.","(Clayton 1994, 26) Clayton, Peter A. 1994. Chronicle of the Pharaohs: The Reign-by-Reign Record of the Rulers and Dynasties of Ancient Egypt. London: Thames and Hudson. Seshat URL: https://www.zotero.org/groups/seshat_databank/items/itemKey/N9DP44W9 $ (Bard 2000, 78-79) Bard, Kathryn. 2000. “The Emergence of the Egyptian State (3200-2686 BC).” In The Oxford History of Ancient Egypt, edited by Ian Shaw, 61–88. Oxford: Oxford University Press. Seshat URL: https://www.zotero.org/groups/seshat_databank/items/itemKey/V4NK84S7/q/bard $ (Shaw 2000, 482) Shaw, Ian. 2000. “Chronology.” In The Oxford History of Ancient Egypt, edited by Ian Shaw, 480–89. Oxford: Oxford University Press. Seshat URL: https://www.zotero.org/groups/seshat_databank/items/itemKey/48FRNB9P",
Upper Egypt,Pharaonic_Egypt,Early Dynastic Egypt,EgDyn1*,Djer,Djet,U*,1,U*,U*,U*,U*,U*,U*,U*,U*,A,U*,,"We have only fragmentary information about both Djer and his successor, Djet (Clayton 1994: 22). Djet is known from his tomb (Tomb Z) at Abydos, but neither Clayton (1994) nor Bard (2000) give much information about his reign or any contestations of his power.","(Clayton 1994, 22) Clayton, Peter A. 1994. Chronicle of the Pharaohs: The Reign-by-Reign Record of the Rulers and Dynasties of Ancient Egypt. London: Thames and Hudson. Seshat URL: https://www.zotero.org/groups/seshat_databank/items/itemKey/N9DP44W9 $ (Lloyd 2010) Lloyd, Alan B. 2010. “Chronology.” In A Companion to Ancient Egypt, 1:xxxii – xliii. Chichester: Wiley-Blackwell. Seshat URL: https://www.zotero.org/groups/seshat_databank/items/itemKey/R95E4VDR $ (Shaw 2000) Shaw, Ian. 2000. “Chronology.” In The Oxford History of Ancient Egypt, 480–89. Oxford: Oxford University Press. Seshat URL: https://www.zotero.org/groups/seshat_databank/items/itemKey/48FRNB9P $ (Bard 2000) Bard, Kathryn. 2000. “The Emergence of the Egyptian State (3200-2686 BC).” In The Oxford History of Ancient Egypt, edited by Ian Shaw, 61–88. Oxford: Oxford University Press. Seshat URL: https://www.zotero.org/groups/seshat_databank/items/itemKey/V4NK84S7/q/bard.",
Upper Egypt,Pharaonic_Egypt,Early Dynastic Egypt,EgDyn1*,Djet,Den / Udimu / Semti,U*,1,U*,U*,U*,U*,U*,U*,U*,U*,A,U*,,"Djet is known from his tomb (Tomb Z) at Abydos, but neither Clayton (1994) nor Bard (2000) give much information about his reign or any contestations of his power. NB: following Alan Lloyd, no firm dates for the rulers of Dynasties 0 and 1 due to a lack of evidence. According to Ian Shaw, Dynasty 0 lasted from 3200 to 3000 BCE, and Dynasty 1 from 3000-2890 BCE.","(Clayton 1994, 14, 22-23) Clayton, Peter A. 1994. Chronicle of the Pharaohs: The Reign-by-Reign Record of the Rulers and Dynasties of Ancient Egypt. London: Thames and Hudson. Seshat URL: https://www.zotero.org/groups/seshat_databank/items/itemKey/N9DP44W9 $ (Lloyd 2010) Lloyd, Alan B. 2010. “Chronology.” In A Companion to Ancient Egypt, edited by Alan B. Lloyd, 1:xxxii – xliii. Chichester: Wiley-Blackwell. Seshat URL: https://www.zotero.org/groups/seshat_databank/items/itemKey/R95E4VDR $ (Shaw 2000) Shaw, Ian. 2000. “Chronology.” In The Oxford History of Ancient Egypt, edited by Ian Shaw, 480–89. Oxford: Oxford University Press. Seshat URL: https://www.zotero.org/groups/seshat_databank/items/itemKey/48FRNB9P $ (Bard 2000) Bard, Kathryn. 2000. “The Emergence of the Egyptian State (3200-2686 BC).” In The Oxford History of Ancient Egypt, edited by Ian Shaw, 61–88. Oxford: Oxford University Press. Seshat URL: https://www.zotero.org/groups/seshat_databank/items/itemKey/V4NK84S7/q/bard.",
Upper Egypt,Pharaonic_Egypt,Early Dynastic Egypt,EgDyn1*,Den / Udimu / Semti,Queen Merneith,U*,1,U*,U*,U*,U*,U*,U*,U*,U*,A,U*,,"There is slightly more historical evidence for the reign of Den, who appears on the Palermo Stone. However, neither Clayton (1994) nor Bard (2000) give much information about his reign or any contestations of his power. His successor, Queen Merneith, is not listed in some king lists in secondary sources. NB: following Alan Lloyd, no firm dates for the rulers of Dynasties 0 and 1 due to a lack of evidence. According to Ian Shaw, Dynasty 0 lasted from 3200 to 3000 BCE, and Dynasty 1 from 3000-2890 BCE.","(Clayton 1994, 14, 23-24) Clayton, Peter A. 1994. Chronicle of the Pharaohs: The Reign-by-Reign Record of the Rulers and Dynasties of Ancient Egypt. London: Thames and Hudson. Seshat URL: https://www.zotero.org/groups/seshat_databank/items/itemKey/N9DP44W9 $ (Lloyd 2010) Lloyd, Alan B. 2010. “Chronology.” In A Companion to Ancient Egypt, edited by Alan B. Lloyd, 1:xxxii – xliii. Chichester: Wiley-Blackwell. Seshat URL: https://www.zotero.org/groups/seshat_databank/items/itemKey/R95E4VDR $ (Shaw 2000) Shaw, Ian. 2000. “Chronology.” In The Oxford History of Ancient Egypt, edited by Ian Shaw, 480–89. Oxford: Oxford University Press. Seshat URL: https://www.zotero.org/groups/seshat_databank/items/itemKey/48FRNB9P $ (Bard 2000) Bard, Kathryn. 2000. “The Emergence of the Egyptian State (3200-2686 BC).” In The Oxford History of Ancient Egypt, edited by Ian Shaw, 61–88. Oxford: Oxford University Press. Seshat URL: https://www.zotero.org/groups/seshat_databank/items/itemKey/V4NK84S7/q/bard.",
Upper Egypt,Pharaonic_Egypt,Early Dynastic Egypt,EgDyn1*,Queen Merneith,Anedjib,U*,1,U*,U*,U*,U*,U*,U*,U*,U*,A,U*,,"Anedjib's reign is not well known, but ""there is some evidence at this period of a dynastic struggle, of north versus south"" (Clayton 1994: 25). Not clear whether this took place during the transition period from Merneith to Anedjib. NB: following Alan Lloyd, no firm dates for the rulers of Dynasties 0 and 1 due to a lack of evidence. According to Ian Shaw, Dynasty 0 lasted from 3200 to 3000 BCE, and Dynasty 1 from 3000-2890 BCE.","(Clayton 1994, 14, 22-23) Clayton, Peter A. 1994. Chronicle of the Pharaohs: The Reign-by-Reign Record of the Rulers and Dynasties of Ancient Egypt. London: Thames and Hudson. Seshat URL: https://www.zotero.org/groups/seshat_databank/items/itemKey/N9DP44W9 $ (Lloyd 2010) Lloyd, Alan B. 2010. “Chronology.” In A Companion to Ancient Egypt, edited by Alan B. Lloyd, 1:xxxii – xliii. Chichester: Wiley-Blackwell. Seshat URL: https://www.zotero.org/groups/seshat_databank/items/itemKey/R95E4VDR $ (Shaw 2000) Shaw, Ian. 2000. “Chronology.” In The Oxford History of Ancient Egypt, edited by Ian Shaw, 480–89. Oxford: Oxford University Press. Seshat URL: https://www.zotero.org/groups/seshat_databank/items/itemKey/48FRNB9P.",
Upper Egypt,Pharaonic_Egypt,Early Dynastic Egypt,EgDyn1*,Anedjib,Semerkhet,A;P,1,U*,U*,A;P,U*,A;P,U*,U*,U*,A,U*,,"It has been suggested that Anedjib's successor, Semerkhet, usurped the throne (Clayton 1994, 24-5). NB: following Alan Lloyd, I have not included firm dates for the rulers of Dynasties 0 and 1 due to a lack of evidence. According to Ian Shaw, Dynasty 0 lasted from 3200 to 3000 BCE, and Dynasty 1 from 3000-2890 BCE.","(Clayton 1994, 14, 24-25) Clayton, Peter A. 1994. Chronicle of the Pharaohs: The Reign-by-Reign Record of the Rulers and Dynasties of Ancient Egypt. London: Thames and Hudson. Seshat URL: https://www.zotero.org/groups/seshat_databank/items/itemKey/N9DP44W9 $ (Lloyd 2010) Lloyd, Alan B. 2010. “Chronology.” In A Companion to Ancient Egypt, edited by Alan B. Lloyd, 1:xxxii – xliii. Chichester: Wiley-Blackwell. Seshat URL: https://www.zotero.org/groups/seshat_databank/items/itemKey/R95E4VDR $ (Shaw 2000) Shaw, Ian. 2000. “Chronology.” In The Oxford History of Ancient Egypt, edited by Ian Shaw, 480–89. Oxford: Oxford University Press. Seshat URL: https://www.zotero.org/groups/seshat_databank/items/itemKey/48FRNB9P.",
Upper Egypt,Pharaonic_Egypt,Early Dynastic Egypt,EgDyn1*,Semerkhet,Qa'a,U*,1,U*,U*,U*,U*,U*,U*,U*,U*,A,U*,,"Not much is known about the transition from Semerkhet to Qa'a. NB: following Alan Lloyd, no firm dates for the rulers of Dynasties 0 and 1 due to a lack of evidence. According to Ian Shaw, Dynasty 0 lasted from 3200 to 3000 BCE, and Dynasty 1 from 3000-2890 BCE.","(Clayton 1994, 14, 25) Clayton, Peter A. 1994. Chronicle of the Pharaohs: The Reign-by-Reign Record of the Rulers and Dynasties of Ancient Egypt. London: Thames and Hudson. Seshat URL: https://www.zotero.org/groups/seshat_databank/items/itemKey/N9DP44W9 $ (Lloyd 2010) Lloyd, Alan B. 2010. “Chronology.” In A Companion to Ancient Egypt, edited by Alan B. Lloyd, 1:xxxii – xliii. Chichester: Wiley-Blackwell. Seshat URL: https://www.zotero.org/groups/seshat_databank/items/itemKey/R95E4VDR $ (Shaw 2000) Shaw, Ian. 2000. “Chronology.” In The Oxford History of Ancient Egypt, edited by Ian Shaw, 480–89. Oxford: Oxford University Press. Seshat URL: https://www.zotero.org/groups/seshat_databank/items/itemKey/48FRNB9P.",
Upper Egypt,Pharaonic_Egypt,Early Dynastic Egypt,EgDyn1*,Qa'a,Hetepsekhemwy,U*,1,U*,-2890,A*,A*,U*,U*,U*,U*,A,U*,,"""In 1991-2 the tomb of the last king of the 1st Dynasty, Qa'a, was re-excavated at Abydos by the German Archaeological Institute, and seal impressions of Hetepsekhemwy, the first king of the 2nd Dynasty, were found in it. The German archaeologists have interpreted this find as evidence that Hetepsekhemwy completed the tomb of his predecessor and that there was no break in the dynastic succession"" (Bard 2000: 78). However, Hetepsekhemwy means 'the peaceful one of the two powers', indicating that he may have come to power after a period of unrest (Williamson 2011). NB: following Alan Lloyd, no firm dates for the rulers of Dynasties 0 and 1 due to a lack of evidence. According to Ian Shaw, Dynasty 0 lasted from 3200 to 3000 BCE, and Dynasty 1 from 3000-2890 BCE.","(Clayton 1994, 14, 25-26) Clayton, Peter A. 1994. Chronicle of the Pharaohs: The Reign-by-Reign Record of the Rulers and Dynasties of Ancient Egypt. London: Thames and Hudson. Seshat URL: https://www.zotero.org/groups/seshat_databank/items/itemKey/N9DP44W9 $ (Lloyd 2010) Lloyd, Alan B. 2010. “Chronology.” In A Companion to Ancient Egypt, edited by Alan B. Lloyd, 1:xxxii – xliii. Chichester: Wiley-Blackwell. Seshat URL: https://www.zotero.org/groups/seshat_databank/items/itemKey/R95E4VDR $ (Shaw 2000) Shaw, Ian. 2000. “Chronology.” In The Oxford History of Ancient Egypt, edited by Ian Shaw, 480–89. Oxford: Oxford University Press. Seshat URL: https://www.zotero.org/groups/seshat_databank/items/itemKey/48FRNB9P $ (Williamson 2011) Williamson, Jacquelyn G. 2011. “The Early Dynastic Period in Egypt.” In World History Encyclopedia, edited by A. J. Andrea. Santa Barbara, CA: ABC-CLIO. Seshat URL: https://www.zotero.org/groups/seshat_databank/items/itemKey/U3Q2THMA.",
Upper Egypt,Pharaonic_Egypt,Early Dynastic Egypt,EgDyn1*,Raneb,Nynetjer,U*,1,U*,U*,U*,U*,U*,U*,U*,U*,A,U*,,"NB: following Alan Lloyd, no firm dates for the rulers of Dynasty 2 due to a lack of evidence. According to Ian Shaw (2000), the Dynasty spanned the period from 2890 to 2686 BCE.","(Clayton 1994, 26) Clayton, Peter A. 1994. Chronicle of the Pharaohs: The Reign-by-Reign Record of the Rulers and Dynasties of Ancient Egypt. London: Thames and Hudson. Seshat URL: https://www.zotero.org/groups/seshat_databank/items/itemKey/N9DP44W9 $ (Bard 2000, 78-79) Bard, Kathryn. 2000. “The Emergence of the Egyptian State (3200-2686 BC).” In The Oxford History of Ancient Egypt, edited by Ian Shaw, 61–88. Oxford: Oxford University Press. Seshat URL: https://www.zotero.org/groups/seshat_databank/items/itemKey/V4NK84S7/q/bard $ (Shaw 2000, 482) Shaw, Ian. 2000. “Chronology.” In The Oxford History of Ancient Egypt, edited by Ian Shaw, 480–89. Oxford: Oxford University Press. Seshat URL: https://www.zotero.org/groups/seshat_databank/items/itemKey/48FRNB9P",
Upper Egypt,Pharaonic_Egypt,Early Dynastic Egypt,EgDyn1*,Nynetjer,Weneg,U*,1,U*,U*,U*,U*,U*,U*,U*,U*,A,U*,,"Not clear what relationship Nynetjer had to his successor Weneg, who appears in Shaw's (2000) chronology but not in Clayton's king-list (1994, 26). Clayton (1994, 27) refers to a military campaign in Year 9 of his reign that involved the 'hacking up of the city of Shem-Re' and the 'House-of-the-North'. Might this refer to retaliation by Nynetjer against separatist rebellions in the north?","(Clayton 1994, 26-27) Clayton, Peter A. 1994. Chronicle of the Pharaohs: The Reign-by-Reign Record of the Rulers and Dynasties of Ancient Egypt. London: Thames and Hudson. Seshat URL: https://www.zotero.org/groups/seshat_databank/items/itemKey/N9DP44W9 $ (Bard 2000, 79) Bard, Kathryn. 2000. “The Emergence of the Egyptian State (3200-2686 BC).” In The Oxford History of Ancient Egypt, edited by Ian Shaw, 61–88. Oxford: Oxford University Press. Seshat URL: https://www.zotero.org/groups/seshat_databank/items/itemKey/V4NK84S7/q/bard $ (Shaw 2000, 482) Shaw, Ian. 2000. “Chronology.” In The Oxford History of Ancient Egypt, edited by Ian Shaw, 480–89. Oxford: Oxford University Press. Seshat URL: https://www.zotero.org/groups/seshat_databank/items/itemKey/48FRNB9P.",
Upper Egypt,Pharaonic_Egypt,Early Dynastic Egypt,EgDyn1*,Weneg,Sened,U*,1,U*,U*,U*,U*,U*,U*,U*,U*,A,U*,,"Weneg appears in Shaw's (2000) chronology but not in Clayton's (1994, 26) king list. It appears that we know very little about this ruler.","(Clayton 1994, 26) Clayton, Peter A. 1994. Chronicle of the Pharaohs: The Reign-by-Reign Record of the Rulers and Dynasties of Ancient Egypt. London: Thames and Hudson. Seshat URL: https://www.zotero.org/groups/seshat_databank/items/itemKey/N9DP44W9 $ (Shaw 2000, 482) Shaw, Ian. 2000. “Chronology.” In The Oxford History of Ancient Egypt, edited by Ian Shaw, 480–89. Oxford: Oxford University Press. Seshat URL: https://www.zotero.org/groups/seshat_databank/items/itemKey/48FRNB9P.",
Upper Egypt,Pharaonic_Egypt,Early Dynastic Egypt,EgDyn1*,Sened,Peribsen,U*,1,U*,U*,U*,U*,U*,U*,U*,U*,A,U*,,"Sened appears in Shaw's (2000) chronology but not in Clayton's (1994, 26) king list. It appears that we know very little about this ruler.","(Clayton 1994, 26) Clayton, Peter A. 1994. Chronicle of the Pharaohs: The Reign-by-Reign Record of the Rulers and Dynasties of Ancient Egypt. London: Thames and Hudson. Seshat URL: https://www.zotero.org/groups/seshat_databank/items/itemKey/N9DP44W9 $ (Shaw 2000, 482) Shaw, Ian. 2000. “Chronology.” In The Oxford History of Ancient Egypt, edited by Ian Shaw, 480–89. Oxford: Oxford University Press. Seshat URL: https://www.zotero.org/groups/seshat_databank/items/itemKey/48FRNB9P.",
Upper Egypt,Pharaonic_Egypt,Early Dynastic Egypt,EgDyn1*,Peribsen,Khasekhemwy,P*,1,U*,U*,U*,U*,U*,U*,U*,U*,A,U*,,"During his reign there was a period of 'internal unrest', with conflict between northern and southern Egypt (Clayton 1994, 27), but it is not clear who the parties to the conflict were. At some point, Sekhemib adopted the new name of Seth-Peribsen, possibly indicating that worshippers of the god Seth had won out over those of Horus (Clayton 1994, 27-28). Peribsen's relationship to his successor Khasekhemwy is unclear.","(Clayton 1994, 26-28) Clayton, Peter A. 1994. Chronicle of the Pharaohs: The Reign-by-Reign Record of the Rulers and Dynasties of Ancient Egypt. London: Thames and Hudson. Seshat URL: https://www.zotero.org/groups/seshat_databank/items/itemKey/N9DP44W9 $ (Shaw 2000, 482) Shaw, Ian. 2000. “Chronology.” In The Oxford History of Ancient Egypt, edited by Ian Shaw, 480–89. Oxford: Oxford University Press. Seshat URL: https://www.zotero.org/groups/seshat_databank/items/itemKey/48FRNB9P.",
Upper Egypt,Pharaonic_Egypt,Early Dynastic Egypt,EgDyn1*,Khasekhemwy,Nebka / Horus Sanakht,U*,1,U*,-2686,A,A,A,A,A,A,A,A,,"Khasekhemwy's successor Sanakhte is considered the founder of the Third Dynasty, but the power transition seems to have been smooth (Clayton 1994, 29).","(Clayton 1994, 26-28) Clayton, Peter A. 1994. Chronicle of the Pharaohs: The Reign-by-Reign Record of the Rulers and Dynasties of Ancient Egypt. London: Thames and Hudson. Seshat URL: https://www.zotero.org/groups/seshat_databank/items/itemKey/N9DP44W9 $ (Shaw 2000, 482) Shaw, Ian. 2000. “Chronology.” In The Oxford History of Ancient Egypt, edited by Ian Shaw, 480–89. Oxford: Oxford University Press. Seshat URL: https://www.zotero.org/groups/seshat_databank/items/itemKey/48FRNB9P.",
Upper Egypt,Islamic_Caliphates,Fatimid Caliphate,TnFatim,Al-Mahdi,Al-Qaim,A,1,910,934,A,A,A,A,A,A,A,A,,"Al-Mahdi was the first Fatimid Caliph. In 905 CE he was captured and imprisoned by the Aghlabids for proselytising Isma'ilism. After he was freed from his imprisonment by allies he fled from the middle east to preach his doctrine freely. Eventually he was able to supplant the Aghlabids as hegemons in Egypt, thus becoming imam and caliph of the new Fatimid Capliphate. He reigned until 934 CE, and was succeeded by his son Al-Qa'im.",John E Morby. 2018. Dynasties of the World. A Chronological and Genealogical Handbook. Oxford University Press. Oxford.,https://www.zotero.org/groups/1051264/seshat_databank/items/3C5IVS6E
Upper Egypt,Islamic_Caliphates,Fatimid Caliphate,TnFatim,Al-Qaim,Al-Mansur,P,1,934,946,A,A,A,P,A,A,A,A,,Al-Qa'im was named heir to the Fatimid throne in 912 CE and succeeded his father Al-Mahdi as Caliph in 934 CE. In 944 CE an Ibadi Berber named Abu Yazid launched a revolt against the Caliph that lasted until 947 CE. In 946 CE Al-Qa'im died of natural causes and was succeeded by his son Al-Mansur. Coded Military.revolt: Present Abu Yazid Berber revolt of 944-947CE. Coded Military.revolt: Present Abu Yazid revolt upon succession.,John E Morby. 2018. Dynasties of the World. A Chronological and Genealogical Handbook. Oxford University Press. Oxford.,https://www.zotero.org/groups/1051264/seshat_databank/items/3C5IVS6E
Upper Egypt,Islamic_Caliphates,Fatimid Caliphate,TnFatim,Al-Mansur,Al-Muizz,A,1,946,953,A,A,A,A,A,A,A,A,,"Al-Mansur inherited the Fatimid Caliphate from his father in 946 CE in the midst of a Berber revolt. Being an exceptional leader Al-Mansur successfully put the revolt down and was lauded by both Isma'ili (pro-Fatimid) and Sunni (anti-Fatimid) as an exemplary ruler. Al-Mansur suffered throughout his life with serious illness, in 953 he died leaving his empire to his son Al-Muizz.",John E Morby. 2018. Dynasties of the World. A Chronological and Genealogical Handbook. Oxford University Press. Oxford.,https://www.zotero.org/groups/1051264/seshat_databank/items/3C5IVS6E
Upper Egypt,Islamic_Caliphates,Fatimid Caliphate,TnFatim,Al-Muizz,Al-Aziz,A,1,953,975,A,A,A,A,A,A,A,A,,Al-Muizz had inherited the Fatimid throne in 953 CE from his father Al-Mansur. An inventive and tolerant ruler he made positive connections with the Coptic Christians under his protection. Al-Muʻizz was succeeded by his brother Al-Aziz in 975 CE.,"John E Morby. 2018. Dynasties of the World. A Chronological and Genealogical Handbook. Oxford University Press. Oxford. $ (Wilson 2004: 122) Wilson, John Francis. 2004. Caesarea Philippi: Banias, the Lost City of Pan I.B.Tauris.",https://www.zotero.org/groups/1051264/seshat_databank/items/3C5IVS6E
Upper Egypt,Islamic_Caliphates,Fatimid Caliphate,TnFatim,Al-Aziz,Al-Hakim,P,1,975,996,A,A,A,P,A,A,A,A,,"Regarded as one of the greatest Fatamid Caliphs, Al-Aziz inherited the caliphate from his brother in 975 CE. Despite his reputation as having a human and tolerant disposition the Caliphate saw extraordinary expansion in his lifetime, absorbing much of the Levant. Before his death in 996 CE, Al-Aziz enacted numerous military reforms which caused antagonism within the army erupting into revolt upon the succession of his son Al-Hakim. Coded Military.revolt: Present revolt of the Maghāriba ('Westerners') and Mashāriqa ('Easterners') upon Al-Aziz’s death.",John E Morby. 2018. Dynasties of the World. A Chronological and Genealogical Handbook. Oxford University Press. Oxford. $ (Cortese 2006: 120-121) Delia Cortese and Simonetta Calderini. 2006. Women And the Fatimids in the World of Islam. Edinburgh University Press. Edinburgh.,https://www.zotero.org/groups/1051264/seshat_databank/items/3C5IVS6E
Upper Egypt,Islamic_Caliphates,Fatimid Caliphate,TnFatim,Al-Hakim,Al-Zahir,P,1,996,1021,P*,P*,P*,A,A,A,A,A,,"“al-Hakin was murdered by his owner sister, Sitt al-Mulk, not only because of the threats his unpredictable behavior posed to the dynasty, but also because of his plan to make a cousin his successor, a move that would have violated the fundamental Isam’ili principle of father-to-son succession.”// It is likely that Sitt al-Mulk arranged for the assassination of the Caliph in collaboration with General Ibn Daws, whom she called upon after the Caliph had accused them of being lovers: 'In the course of this meeting she concluded a bargain with this military man and promised to share power with him in exchange for his doing away with the caliph.'; It is likely that Sitt al-Mulk arranged for the assassination of the Caliph in collaboration with General Ibn Daws, whom she called upon after the Caliph had accused them of being lovers: 'In the course of this meeting she concluded a bargain with this military man and promised to share power with him in exchange for his doing away with the caliph.' // With the help of Ibn Daws, she manage to have her nephew installed as Caliph despite the fact that he was a child and therefore not entitled to be a Caliph. After her nephew had been installed as Caliph, she called upon Ibn Daws in the presence of her viziers and had him killed accused of having murdered her brother. She then established herself as regent by appointing ministers loyal to her.","Sanders, Paula. 2008. The Fatimid state, 969-1171. ed. Petry, Carl. The Cambridge History of Egypt Vol. 1. Cambridge: Cambridge University Press. 151-175 $ Mernissi, Fatima $ Mary Jo Lakeland. 2003. The forgotten queens of Islam. Oxford University Press. $ John E Morby. 2018. Dynasties of the World. A Chronological and Genealogical Handbook. Oxford University Press. Oxford. $ (Cortese 2006: 125) Delia Cortese and Simonetta Calderini. 2006. Women And the Fatimids in the World of Islam. Edinburgh University Press. Edinburgh.",https://www.zotero.org/groups/1051264/seshat_databank/items/3C5IVS6E
Upper Egypt,Islamic_Caliphates,Fatimid Caliphate,TnFatim,Al-Zahir,Al-Mustansir,A,1,1021,1036,A,A,A,A,A,A,A,A,,"After the suspicious disappearance of Al-Hakim, Sitt al-Mulk, mother of Al-Zahir, took over as regent running the affairs of state until her death in 1023 CE. Under Al-Zahir the Fatimid state plunged into crisis with famine and plague running rampant. Al-Zahir died from plague in 1036 CE, and was succeeded by his seven-year-old son, Al-Mustansir.",John E Morby. 2018. Dynasties of the World. A Chronological and Genealogical Handbook. Oxford University Press. Oxford. $ (Daftary 2007: 193) Farhad Daftary. 2007. The Isma'ilis: Their History and Doctrines. Cambridge University Press. Cambridge.,https://www.zotero.org/groups/1051264/seshat_databank/items/3C5IVS6E
Upper Egypt,Islamic_Caliphates,Fatimid Caliphate,TnFatim,Al-Mustansir,Al-Mustali,P,1,1036,1094,A,A,P,P,A,A,P,A,,"Al-Mustansir was only seven when he inherited the Fatimid Caliphate from his father Al-Zahir in 1036 CE. During his reign state affairs were administered by his mother and her chosen officials. Between 1065 CE and 1072 CE Turkish invaders made inroads into Egypt subjugating Cairo and treating Al-Mustansir with contempt. Al-Mustali, Al-Mustansir’s youngest son became Caliph after his death through the machinations of the vizier Badr al-Jamali. Nizar ibn al-Mustansir launched a revolt shortly afterward. Coded External.invasion: Present Invasion of Egypt by Turkic mercenaries. Coded Intra.elite: Present Al-Mustali was made Caliph by the vizier Badr al-Jamali rather than the chosen successor Nizar ibn al-Mustansir. Coded Military.revolt: Present Nizar ibn al-Mustansir revolted",John E Morby. 2018. Dynasties of the World. A Chronological and Genealogical Handbook. Oxford University Press. Oxford. $ (Daftary 2007: 241-42) Farhad Daftary. 2007. The Isma'ilis: Their History and Doctrines. Cambridge University Press. Cambridge.,https://www.zotero.org/groups/1051264/seshat_databank/items/3C5IVS6E
Upper Egypt,Islamic_Caliphates,Fatimid Caliphate,TnFatim,Al-Mustali,Al-Amir,A,1,1094,1101,A,A,A,A,A,A,A,A,,"Al-Mustali inherited the caliphate in 1094 CE under the patronage of the vizier, Badr al-Jamali, and his son and successor al-Afdal Shahanshah. The usurped elder son Nizar ibn al-Mustansir launched a revolt in 1094 CE that was put down, but Nizar’s descendants continued to challenge the Fatimids for rule. Al-Mustali was subordinate as Caliph to the vizier Badr al-Jamali and al-Afdal Shahanshah. Al-Mustali died in 1102 CE, there were rumours that he had been poisoned, but little evidence of such. His son Al-Amir was proclaimed caliph shortly afterward.",John E Morby. 2018. Dynasties of the World. A Chronological and Genealogical Handbook. Oxford University Press. Oxford. $ (Daftary 2007: 244) Farhad Daftary. 2007. The Isma'ilis: Their History and Doctrines. Cambridge University Press. Cambridge.,https://www.zotero.org/groups/1051264/seshat_databank/items/3C5IVS6E
Upper Egypt,Islamic_Caliphates,Fatimid Caliphate,TnFatim,Al-Amir,Al-Hafiz,P,1,1101,1130,P,P,P,U*,A,A,A,U*,,"Al-Amir was proclaimed caliph in 1101 CE, at the age of five. The Caliphate was controlled by the vizier al-Afdal, who was assassinated in 1121 CE, Al-Amir took on an increasing number of functions which put him at odds with his viziers. In 1130 CE Al-Amir was assassinated and his son, Al-Tayyib, was sidelined in favour of his cousin Abd al-Majid, who after a complex coup and counter-coup, became Caliph under the name al-Hafiz li-Din Allah. Coded Assassination.Predecessor: Present Al-Amir was assassinated. Coded Intra.elite: Present Al-Tayyib was usurped for his cousin.","(Stern 1951, 198) Stern, S. M. 1951. The Succession to the Fatimid Imam al-Amir, the Claims of the Later Fatimids to the Imamate, and the Rise of Tayyibi Ismailism. Oriens. Vol. 4. No. 2. December 31. pp. 193-255.  $ John E Morby. 2018. Dynasties of the World. A Chronological and Genealogical Handbook. Oxford University Press. Oxford. $ (Daftary 2007: 248-49) Farhad Daftary. 2007. The Isma'ilis: Their History and Doctrines. Cambridge University Press. Cambridge.",https://www.zotero.org/groups/1051264/seshat_databank/items/3C5IVS6E
Upper Egypt,Islamic_Caliphates,Fatimid Caliphate,TnFatim,Al-Hafiz,Al-Zafir,A,1,1132,1149,A,A,A,A,A,A,A,A,,"Al-Hafiz managed to wrest control of the Caliphate in 1132 CE. After a long a difficult reign Al-Hafiz managed to consolidate power, but the instability of the caliphate had been laid bare. In 1149 CE Al-Hafiz died from severe intestinal colic. He was succeeded by his only surviving son who took the name al-Zafir bi-Amr Allah.",John E Morby. 2018. Dynasties of the World. A Chronological and Genealogical Handbook. Oxford University Press. Oxford. $ (Daftary 2007: 250) Farhad Daftary. 2007. The Isma'ilis: Their History and Doctrines. Cambridge University Press. Cambridge.,https://www.zotero.org/groups/1051264/seshat_databank/items/3C5IVS6E
Upper Egypt,Islamic_Caliphates,Fatimid Caliphate,TnFatim,Al-Zafir,Al-Faiz,P,1,1149,1154,P,P,P,P,A,A,A,A,,"Abbas, a commander who had seized the vizierate, was ""convinced that the caliph was conspiring against him"" and was ""resolved to move first, with the aid of his son. Accordingly, Nasr, luring al-Zafir to his house, killed him"".",p. 250 Farhad Daftary. 2007. The Isma'ilis: Their History and Doctrines. Cambridge University Press. Cambridge. $ John E Morby. 2018. Dynasties of the World. A Chronological and Genealogical Handbook. Oxford University Press. Oxford. $ (Daftary 2007: 250) Farhad Daftary. 2007. The Isma'ilis: Their History and Doctrines. Cambridge University Press. Cambridge.,https://www.zotero.org/groups/1051264/seshat_databank/items/3C5IVS6E
Upper Egypt,Islamic_Caliphates,Fatimid Caliphate,TnFatim,Al-Faiz,Al-Adid,A,1,1154,1160,A,A,A,A,A,A,A,A,,"Al-Adid came to the throne as a child, after his father Al-Faiz died of a seizure in 1160 CE. His reign was dominated by the vizierate and he could only watch as the Fatimid Caliphate fell to pieces around him.",John E Morby. 2018. Dynasties of the World. A Chronological and Genealogical Handbook. Oxford University Press. Oxford. $ (Daftary 2007: 250-51) Farhad Daftary. 2007. The Isma'ilis: Their History and Doctrines. Cambridge University Press. Cambridge.,https://www.zotero.org/groups/1051264/seshat_databank/items/3C5IVS6E
Upper Egypt,Islamic_Caliphates,Fatimid Caliphate,TnFatim,Al-Adid,End of the Fatmid Caliphate,P,1,1160,1171,P,A,A,A,A,A,P,A,,"Is this the ‘official story’? Was he poisoned and assassinated? ”Saladin formally put an end to Fatimid rule when ... September 1171, he had the khutba read in Cairo in the name of the reigning Abbasid caliph al-Mustadi ... thus proclaimng Abbasid suzerainty in Egypt. ... A few days after these events, the helpless al-Adid, the fourteenth and the last of the Fatimid caliphs, and the twenty-fourth imam of the Hafizi Isma'ilis, died following a brief illness.” Coded External.invasion: Present Saladin's invasion of the Caliphate.","(Daftary 2007: 252) Farhad Daftary. 2007. The Isma'ilis: Their History and Doctrines. Camcridge: Cambridge University Press. $ John E Morby. 2018. Dynasties of the World. A Chronological and Genealogical Handbook. Oxford University Press. Oxford. $ (Lane-Poole 1906: 144-151) Lane-Poole, Stanley. 1906. Saladin and the Fall of the Kingdom of Jerusalem. Heroes of the Nations. London: G. P. Putnam's Sons.",https://www.zotero.org/groups/1051264/seshat_databank/items/3C5IVS6E
Upper Egypt,Islamic_Caliphates,Mamluk Sultanate,EgMamBh,Al-Mu’izz Aybak,Al-Mansur Ali I,P,1,1254,1257,P,P,P,A,A,A,A,A,,"""Aybak then took another wife, daughter of the ruler of Mosul. In April 1257, Aybak was murdered; Sharjar al-Durr was blamed ... and murdered in revenge.""",(Nicholson 2004: 125) Helen J. Nicholson. 2004. The Crusades. Greenwood Press. Westport. $ John E Morby. 2018. Dynasties of the World. A Chronological and Genealogical Handbook. Oxford University Press. Oxford.,https://www.zotero.org/groups/1051264/seshat_databank/items/3C5IVS6E
Upper Egypt,Islamic_Caliphates,Mamluk Sultanate,EgMamBh,Al-Mansur Ali I,Al-Muzzafar Qutuz,P,1,1257,1259,A,A,A,A,A,A,A,A,,"“Aybak's Mamluks, the Mu'iziyya, raised Aybak's young son Ali as sultan, but then the Mu'iziyya leader, Qutuz, took over control as the first of a long line of Mamluk sultans.""","(Nicholson 2004: 125) Helen J. Nicholson. 2004. The Crusades. Greenwood Press. Westport. $ John E Morby. 2018. Dynasties of the World. A Chronological and Genealogical Handbook. Oxford University Press. Oxford. $ (Clifford 2013: 79-80) Winslow Williams Clifford. 2013. Edited by Stephan Conermann. State formation and the structure of politics in Mamluk Syro-Egypt, 648–741 A.H./1250 - 1340 C.E. Bonn University Press.",https://www.zotero.org/groups/1051264/seshat_databank/items/3C5IVS6E
Upper Egypt,Islamic_Caliphates,Mamluk Sultanate,EgMamBh,Al-Muzzafar Qutuz,Al-Zahir Baybars I,P,1,1259,1260,P,P,P,P,A,A,A,A,,"""Qutuz himself worried constantly about dissension ... Open hostility dogged his relations with the Salihiyyah and Ashrafiyyah as well as their constituents in the army of Egypt. ... Qutuz was assassinated, however, before his patronage of these non-khushdashiyyah clients could produce any dividends. On the whole, exile, arrest and confiscation seem to have been the hallmarks of Qutuz's relations with the Mamluk elite.""","(Clifford 2013: 79-80) Winslow Williams Clifford. 2013. Edited by Stephan Conermann. State formation and the structure of politics in Mamluk Syro-Egypt, 648–741 A.H./1250 - 1340 C.E. Bonn University Press. $ John E Morby. 2018. Dynasties of the World. A Chronological and Genealogical Handbook. Oxford University Press. Oxford. $ https://www.jewishvirtuallibrary.org/mamluks",https://www.zotero.org/groups/1051264/seshat_databank/items/3C5IVS6E
Upper Egypt,Islamic_Caliphates,Mamluk Sultanate,EgMamBh,Al-Zahir Baybars I,Al-Said Baraka Khan,A,1,1260,1277,A,A,A,A,A,A,A,A,,"Al-Said Baraka Khan inherited the Mamluk Sultunate from his father Al-Zahir Baybars I in 1277 CE. The succession was uneventful, but Al-Said Baraka Khan was forced to abdicate in 1279 CE.","John E Morby. 2018. Dynasties of the World. A Chronological and Genealogical Handbook. Oxford University Press. Oxford. $ (Asbridge 2010: 108) Asbridge, Thomas. 2010. The Crusades: The War for the Holy Land. Simon and Schuster. $ (Northrup 1998: 84) Northrup, Linda. 1998. From Slave to Sultan: The Career of Al-Manṣūr Qalāwūn and the Consolidation of Mamluk Rule in Egypt and Syria (678-689 A.H./1279-1290 A.D.). Franz Steiner Verlag.",https://www.zotero.org/groups/1051264/seshat_databank/items/3C5IVS6E
Upper Egypt,Islamic_Caliphates,Mamluk Sultanate,EgMamBh,Al-Said Baraka Khan,Al-Adil Salamish,P,1,1277,1279,P,A,P,P,A,A,A,A,,"Al-Said Baraka Khan was deposed in 1279 CE, ""The new mamluk sultan, Baraka Khan ... proved to be incapable of living up to his father's legacy, and his reign was cut short in 1279 by a group of senior officers led by Qalawun, Baybar's close associate.” In his place the seven-year-old Al-Adil Salamish was made Sultan.","(Mikaberidze 2011: 559) Alexander Mikaberidze. ed. 2011. Conflict and Conquest in the Islamic World: A Historical Encyclopedia, Volume 1. ABC-CLIO. Santa Barbara. $ John E Morby. 2018. Dynasties of the World. A Chronological and Genealogical Handbook. Oxford University Press. Oxford. $ (Torsello 2011: 380) Marino Sanudo Torsello. 2011. Peter Lock trans. The Book of the Secrets of the Faithful of the Cross. Ashgate Publishing Limited. Farnham.",https://www.zotero.org/groups/1051264/seshat_databank/items/3C5IVS6E
Upper Egypt,Islamic_Caliphates,Mamluk Sultanate,EgMamBh,Al-Adil Salamish,Al-Mansur Qalaun,P,1,1279,1279,P,A,P,A,A,A,A,A,,"Al-Adil Salamish was deposed shortly after asending to Sultan, “al-Malik al-Adil Badr al-Din Solamish (1279-80) was seven years old when he ascended the throne. Kalawan was his regent who then deposed him in 1280.” Al-Mansur Qalaun took over as Sultan.","(Torsello 2011: 380) Marino Sanudo Torsello. 2011. Peter Lock trans. The Book of the Secrets of the Faithful of the Cross. Ashgate Publishing Limited. Farnham. $ John E Morby. 2018. Dynasties of the World. A Chronological and Genealogical Handbook. Oxford University Press. Oxford. $ (Mikaberidze 2011: 559) Alexander Mikaberidze. ed. 2011. Conflict and Conquest in the Islamic World: A Historical Encyclopedia, Volume 1. ABC-CLIO. Santa Barbara $ (Northrup 1998, 115-116) Northrup, Linda (1998). From Slave to Sultan: The Career of Al-Manṣūr Qalāwūn and the Consolidation of Mamluk Rule in Egypt and Syria (678-689 A.H./1279-1290 A.D.). Franz Steiner Verlag.",https://www.zotero.org/groups/1051264/seshat_databank/items/3C5IVS6E
Upper Egypt,Islamic_Caliphates,Mamluk Sultanate,EgMamBh,Al-Mansur Qalaun,Al-Ashraf Khalil,U*,1,1279,1290,U*,U*,U*,A,A,A,A,A,,"Al-Mansur Qalaun ruled from 1279 CE until 1290 CE. His heir was his eledest son Al-Ashraf Khalil, whom he distrusted. Sources disagree whether he died of illness or was poisoned, but the succesion was smooth.",p. 158 Linda S Northrup. 1998. From Slave to Sultan: The Career of Al-Manṣūr Qalāwūn and the Consolidation of Mamluk Rule in Egypt and Syria (678-689 A.H./1279-1290 A.D.). Franz Steiner Verlag. Stuttgart. $ John E Morby. 2018. Dynasties of the World. A Chronological and Genealogical Handbook. Oxford University Press. Oxford.,https://www.zotero.org/groups/1051264/seshat_databank/items/3C5IVS6E
Upper Egypt,Islamic_Caliphates,Mamluk Sultanate,EgMamBh,Al-Ashraf Khalil,Al-Nasir Muhammad I,P,1,1290,1293,P,P,A,P,A,A,A,A,,"Sultan Khalil was ""assassinated in 1293, aged twenty-nine, by three of his own officers."" He was succeeded by his nine-year-old borther Al-Nasir Muhammad I.","Susan Wise Bauer. 2013. The History of the Renaissance World: From the Rediscovery of Aristotle to the Conquest of Constantinople. W. W. Norton & Company. New York. $ John E Morby. 2018. Dynasties of the World. A Chronological and Genealogical Handbook. Oxford University Press. Oxford. $ (Nicolle 2005: 26) Nicolle, D. 2005. Acre 1291: Bloody Sunset of the Crusader States. Osprey Publishing.",https://www.zotero.org/groups/1051264/seshat_databank/items/3C5IVS6E
Upper Egypt,Islamic_Caliphates,Mamluk Sultanate,EgMamBh,Al-Nasir Muhammad I,Al-Adil Kitbugha,P,1,1293,1294,P,A,P,P*,A,A,A,A,,Al-Adil Kitbugha usurped al-Nasir Muhammad in 1294 CE. Later in Kitbugha's reign he was deposed by Al-Mansur Lajin.,"(Northrup 1998, 252) Northrup, Linda S. (1998). ""The Bahri Mamluk sultanate"". In Petry, Carl F. The Cambridge History of Egypt, Vol. 1: Islamic Egypt 640-1517. Cambridge University Press. $ John E Morby. 2018. Dynasties of the World. A Chronological and Genealogical Handbook. Oxford University Press. Oxford. $ (Al-Hijji 1976: 7) H. Al-Hijji. 1976. Notes on the Ruling Conflict of the Mamluk Sultanate: (693-709/1293-1309). Kuwait University.",https://www.zotero.org/groups/1051264/seshat_databank/items/3C5IVS6E
Upper Egypt,Islamic_Caliphates,Mamluk Sultanate,EgMamBh,Al-Adil Kitbugha,Al-Mansur Lajin,P,1,1294,1296,P,A,P,P*,A,A,A,A,,Lajin had deposed his former lord Al-Adil Kitbugha and taken the throne for himself.,"John E Morby. 2018. Dynasties of the World. A Chronological and Genealogical Handbook. Oxford University Press. Oxford. $ (Northrup 1998: 252) Northrup, Linda S. 1998. ""The Bahri Mamluk sultanate"". In Petry, Carl F. The Cambridge History of Egypt, Vol. 1: Islamic Egypt 640-1517. Cambridge University Press.",https://www.zotero.org/groups/1051264/seshat_databank/items/3C5IVS6E
Upper Egypt,Islamic_Caliphates,Mamluk Sultanate,EgMamBh,Al-Mansur Lajin,Al-Nasir Muhammad I,P,1,1296,1299,P,P,P,P*,A,A,A,A,,"""In a bid to consolidate his control, Lajin attempted to redistribute iqtaʿat to his supporters. Lajin was unable to retain the sultanate”, “al-Nasir Muhammad was restored to power in 1298”.","(Northrup 1998: 252) Northrup, Linda S. 1998. ""The Bahri Mamluk sultanate"". In Petry, Carl F. The Cambridge History of Egypt, Vol. 1: Islamic Egypt 640-1517. Cambridge University Press. $ John E Morby. 2018. Dynasties of the World. A Chronological and Genealogical Handbook. Oxford University Press. Oxford.",https://www.zotero.org/groups/1051264/seshat_databank/items/3C5IVS6E
Upper Egypt,Islamic_Caliphates,Mamluk Sultanate,EgMamBh,Al-Nasir Muhammad I,Al-Muzaffar Baybars II,P,2,1299,1309,P,A,P,P,A,A,A,A,,"“Lajin was unable to retain the sultanate and al-Nasir Muhammad was restored to power in 1298, ruling a fractious realm until being toppled a second time by Baybars II, a Circassian mamluk of Qalawun, who was known to be more wealthy, pious and cultured than his immediate predecessors.”; Abdicated","(Northrup 1998, 252) Northrup, Linda S. (1998). ""The Bahri Mamluk sultanate"". In Petry, Carl F. The Cambridge History of Egypt, Vol. 1: Islamic Egypt 640-1517. Cambridge University Press. $ John E Morby. 2018. Dynasties of the World. A Chronological and Genealogical Handbook. Oxford University Press. Oxford. $ (Clifford 2013: 181) Winslow Williams Clifford. 2013. Edited by Stephan Conermann. State formation and the structure of politics in Mamluk Syro-Egypt, 648–741 A.H./1250 - 1340 C.E. Bonn University Press.",https://www.zotero.org/groups/1051264/seshat_databank/items/3C5IVS6E
Upper Egypt,Islamic_Caliphates,Mamluk Sultanate,EgMamBh,Al-Muzaffar Baybars II,Al-Nasir Muhammad I,P,1,1309,1310,P,P,P,A,A,A,A,A,,"""After al-Nasir Muhammad repeated to Baybars al-Jashnakir all the evils that the latter had done to him, Baybars al-Jashnakir was executed, probably by strangling ... April 1310.""","(Mazor 2015: 197) Amir Mazor. 2015. The Rise and Fall of a Muslim Regiment: The Manṣūriyya in the First Mamluk Sultanate, 678/1279–741/1341. Vandenhoeck & Ruprecht. $ John E Morby. 2018. Dynasties of the World. A Chronological and Genealogical Handbook. Oxford University Press. Oxford.",https://www.zotero.org/groups/1051264/seshat_databank/items/3C5IVS6E
Upper Egypt,Islamic_Caliphates,Mamluk Sultanate,EgMamBh,Al-Nasir Muhammad I,Al-Mansur Abu Bakr,P,3,1310,1341,A,A,A,A,A,A,A,A,,"Abu Bakr inherited the Sultanate from his father Al-Nasir Muhammad I in 1341 CE. Although Sultan, most of the power in the realm rested with Al-Nasir’s senior emirs.","John E Morby. 2018. Dynasties of the World. A Chronological and Genealogical Handbook. Oxford University Press. Oxford. $ Joseph Drory. 2006. ""The prince who favored the desert."" David J Wasserstein. Ami Ayalon. eds. Mamluks and Ottomans: Studies in Honour of Michael Winter. Routledge. London.",https://www.zotero.org/groups/1051264/seshat_databank/items/3C5IVS6E
Upper Egypt,Islamic_Caliphates,Mamluk Sultanate,EgMamBh,Al-Mansur Abu Bakr,Al-Ashraf Kujkuk,P,1,1341,1341,P,P,P,P,A,A,A,A,,"Abu Bakr made attempts at reforming the Mamluk Sultunate, but was quickly foiled by the powerful emirs. ""... Abu Bakr, less than 20 years old, was meant to be merely a puppet. ... He was concerned lest he be imprisoned by a too self-reliant Abu Bakr. Perhaps just an excuse, in any case it prompted Qawsun to detail Abu Bakr ... on the invented pretext of frivolous behavior. Abu Bakr was sent, together with six of his brothers, to distant Qus, where he was executed..."". He was succeeded by Al-Nasir Muhammad I's son, Al-Ashraf Kujkuk.","John E Morby. 2018. Dynasties of the World. A Chronological and Genealogical Handbook. Oxford University Press. Oxford. $ Joseph Drory. 2006. ""The prince who favored the desert."" David J Wasserstein. Ami Ayalon. eds. Mamluks and Ottomans: Studies in Honour of Michael Winter. Routledge. London.",https://www.zotero.org/groups/1051264/seshat_databank/items/3C5IVS6E
Upper Egypt,Islamic_Caliphates,Mamluk Sultanate,EgMamBh,Al-Ashraf Kujkuk,Al-Salih Ismail,P,1,1341,1342,P,A,P,P,A,A,A,A,,"The nine year old Kujuk ""declared Sultan already in early ... January 1341” and was murdered a year later in 1345 CE. In his place Al-Nasir Ahmad I became Sultan, but he lasted only a few months before being deposed and replaced by his brother Al-Salih Ismail.","John E Morby. 2018. Dynasties of the World. A Chronological and Genealogical Handbook. Oxford University Press. Oxford. $ Joseph Drory. 2006. ""The prince who favored the desert."" David J Wasserstein. Ami Ayalon. eds. Mamluks and Ottomans: Studies in Honour of Michael Winter. Routledge. London.",https://www.zotero.org/groups/1051264/seshat_databank/items/3C5IVS6E
Upper Egypt,Islamic_Caliphates,Mamluk Sultanate,EgMamBh,Al-Salih Ismail,Al-Kamil Shaban I,P,1,1342,1345,A,A,A,A,A,A,A,A,,"Al-Salih Ismail inherited the Sultanate from his brother an-Nasir Ahmad in 1342 CE. He was taken ill in 1344 and died in 1345 CE, being succeeded by his brother Al-Kamil Shaban I.",John E Morby. 2018. Dynasties of the World. A Chronological and Genealogical Handbook. Oxford University Press. Oxford. $ (Holt 1986: 123) Peter Malcolm Holt. 1986. The Age of the Crusades: The Near East from the Eleventh Century to 1517. Longman.,https://www.zotero.org/groups/1051264/seshat_databank/items/3C5IVS6E
Upper Egypt,Islamic_Caliphates,Mamluk Sultanate,EgMamBh,Al-Kamil Shaban I,Al-Muzaffar Hajji I,P,1,1345,1346,P,P,P,P,A,A,A,A,,"Shortly after taking the throne, “A revolt broke out in Jumada II 747/ September 1346, and al-Kamil Sha'ban was captured and put to death”. His successor was Al-Muzaffar Hajji I.",p. 123 Peter Malcolm Holt. 1986. The Age of the Crusades: The Near East from the Eleventh Century to 1517. Longman. $ John E Morby. 2018. Dynasties of the World. A Chronological and Genealogical Handbook. Oxford University Press. Oxford.,https://www.zotero.org/groups/1051264/seshat_databank/items/3C5IVS6E
Upper Egypt,Islamic_Caliphates,Mamluk Sultanate,EgMamBh,Al-Muzaffar Hajji I,Al-Nasir al-Hasan,P,1,1346,1347,P,P,P,P,A,A,A,A,,"Al-Muzaffar Hajji I inherited the Mamluk throne in 1346 CE after his brother Al-Kamil Shaban I was killed. Hajji I was unpopular with the emirs, who thought he was neglecting his duties with gambling and sports. He was betrayed by his troops and killed by agents of the emirs that he had planned to deposed. He was succeeded by his brother Al-Nasir al-Hasan.",John E Morby. 2018. Dynasties of the World. A Chronological and Genealogical Handbook. Oxford University Press. Oxford.,https://www.zotero.org/groups/1051264/seshat_databank/items/3C5IVS6E
Upper Egypt,Islamic_Caliphates,Mamluk Sultanate,EgMamCP,Al-Nasir al-Hasan,Al-Salih Salih,P,1,1347,1351,P,A,P,A,A,A,A,A,,"In the first of Al-Nasir al-Hasan’s reigns he was a mere figurehead, with the Sultanate being controlled by the emirs. Al-Hasan made an attempt to supplant the emirs after the coming of the Black Death, but in 1351 CE, Taz, the principle strongman behind the throne ousted him as Sultan and replaced him with his brother Al-Salih Salih.","John E Morby. 2018. Dynasties of the World. A Chronological and Genealogical Handbook. Oxford University Press. Oxford. $ Howyda N. Al-Harithy. 1996. ""The Complex of Sultan Hasan in Cairo: Reading Between the Lines"". In Gibb, H.A.R. $ E. van Donzel $ P.J. Bearman $ J. van Lent (eds.). The Encyclopaedia of Islam. ISBN 9789004106338.",https://www.zotero.org/groups/1051264/seshat_databank/items/3C5IVS6E
Upper Egypt,Islamic_Caliphates,Mamluk Sultanate,EgMamCP,Al-Salih Salih,Al-Nasir al-Hasan,P,1,1351,1354,P,P,P,P,A,A,A,A,,"Al-Salih was appointed as sultan in place of his half-brother an-Nasir Hasan after being deposed in 1351 CE. In effect the emirs ran the Sultanate with Al-Salih as a puppet. In 1354 CE a plot by some emirs saw the overthrow of Taz, the effective ruler of the Sultanate, and the deposition of Al-Salih. He was replaced by his predecessor Al-Hasan.",John E Morby. 2018. Dynasties of the World. A Chronological and Genealogical Handbook. Oxford University Press. Oxford.,https://www.zotero.org/groups/1051264/seshat_databank/items/3C5IVS6E
Upper Egypt,Islamic_Caliphates,Mamluk Sultanate,EgMamCP,Al-Nasir al-Hasan,Al-Mansur Muhammad II,P,2,1354,1361,P,P,P,P,A,A,A,A,,"Al-Hasan spent much of his second reign politicking and eliminating potential threats to his rule. In 1361 CE he was assassinated by military commander Yalbugha after regaining rule and trying to assert authority. He was succeeded by Al-Mansur Muhammad II, son of Sultan al-Muzaffar Hajji.","John E Morby. 2018. Dynasties of the World. A Chronological and Genealogical Handbook. Oxford University Press. Oxford. $ Levanoni, A., 1994. The Mamluk Conception of the Sultanate. International Journal of Middle East Studies, 26(3), pp.373-392.",https://www.zotero.org/groups/1051264/seshat_databank/items/3C5IVS6E $ https://www.zotero.org/groups/1051264/seshat_databank/items/9GMFFHIX/item-list
Upper Egypt,Islamic_Caliphates,Mamluk Sultanate,EgMamCP,Al-Mansur Muhammad II,Al-Ashraf Shaban II,P,1,1361,1363,P,A,P,P,A,A,A,A,,"Al-Mansur Muhammad II was Sultan from 1361 CE until 1363 CE. He was deposed by the very military commander who placed him on the throne, Yalbugha. He chose his cousin, Al-Ashraf Shaban II to replace him.",John E Morby. 2018. Dynasties of the World. A Chronological and Genealogical Handbook. Oxford University Press. Oxford.,https://www.zotero.org/groups/1051264/seshat_databank/items/3C5IVS6E
Upper Egypt,Islamic_Caliphates,Mamluk Sultanate,EgMamCP,Al-Ashraf Shaban II,Al-Mansur Ali II,A,1,1363,1377,A,A,A,A,A,A,A,A,,"Al-Ashraf Shaban II was made Sultan in 1363 CE at the age of just ten. In truth he was a puppet to the powerful emirs, whom he ran afoul of later in his reign. In 1377 CE Al-Ashraf Sha'ban was killed in a revolt, the rebel Mamluk emirs installed his son al-Mansur Ali as Sultan.",John E Morby. 2018. Dynasties of the World. A Chronological and Genealogical Handbook. Oxford University Press. Oxford.,https://www.zotero.org/groups/1051264/seshat_databank/items/3C5IVS6E
Upper Egypt,Islamic_Caliphates,Mamluk Sultanate,EgMamCP,Al-Mansur Ali II,Al-Salih Hajji II,P,1,1377,1381,A,A,P,P,A,A,A,A,,"Al-Mansur Ali was another puppet of the powerful emirs, installed on the throne in 1377 CE. He died in 1381 CE and the regent and emir Barquq would have assumed the sultanate but the objections of the other emirs prevented it for now. In Ali’s place his nine-year-old younger brother as-Salih Hajji became Sultan.",John E Morby. 2018. Dynasties of the World. A Chronological and Genealogical Handbook. Oxford University Press. Oxford.,https://www.zotero.org/groups/1051264/seshat_databank/items/3C5IVS6E
Upper Egypt,Islamic_Caliphates,Mamluk Sultanate,EgMamCP,Al-Salih Hajji II,Al-Zahir Barquq,P,1,1381,1382,P,A,P,P,A,A,A,A,,"The young Al-Salih Hajji II was a mere roadblock for the ambitious Barquq, ""During the subsequent reign of al-Manṣūr ʿAlī II (r. 778–83/1377–82), Barqūq was named atābak al-ʿasākir (commander-in-chief of the army) and used this position to gather allies and resources. When ʿAlī died, Barqūq placed ʿAlī’s eleven-year old brother, Ḥājjī, on the throne for a few months, as al-Malik al-Ṣāliḥ (r. 783–4/1382), before deposing the boy and assuming the office himself.""","John E Morby. 2018. Dynasties of the World. A Chronological and Genealogical Handbook. Oxford University Press. Oxford. $ Schultz, Warren C., “Barqūq, al-Malik al-Ẓāhir”, in: Encyclopaedia of Islam, THREE, Edited by: Kate Fleet, Gudrun Krämer, Denis Matringe, John Nawas, Everett Rowson. Consulted online on 20 February 2020 <http://dx.doi.org/10.1163/1573-3912_ei3_COM_24303",https://www.zotero.org/groups/1051264/seshat_databank/items/3C5IVS6E $ https://www.zotero.org/groups/1051264/seshat_databank/items/SEPHT5EE/item-list
Upper Egypt,Islamic_Caliphates,Mamluk Sultanate,EgMamCP,Al-Zahir Barquq,Al-Muzaffar Hajji II,P,1,1382,1389,P,A,P,P,A,A,A,A,,"In 1382 CE Barquq assumed the throne, overthrowing the young al-Hajji. Seven years later in 1389 CE a revolt by emirs saw Barquq flee into safety and al-Hajji was restored as Sultan.","John E Morby. 2018. Dynasties of the World. A Chronological and Genealogical Handbook. Oxford University Press. Oxford. $ Schultz, Warren C., “Barqūq, al-Malik al-Ẓāhir”, in: Encyclopaedia of Islam, THREE, Edited by: Kate Fleet, Gudrun Krämer, Denis Matringe, John Nawas, Everett Rowson. Consulted online on 20 February 2020 <http://dx.doi.org/10.1163/1573-3912_ei3_COM_24303",https://www.zotero.org/groups/1051264/seshat_databank/items/3C5IVS6E $ https://www.zotero.org/groups/1051264/seshat_databank/items/SEPHT5EE/item-list
Upper Egypt,Islamic_Caliphates,Mamluk Sultanate,EgMamCP,Al-Muzaffar Hajji II,Al-Zahir Barquq,P,2,1389,1390,P,A,A,P,A,A,A,A,,"In 1390 CE Barquq returned from his exile and launched a revolt to once again depose al-Hajji. He was successful and ruled for another nine years, al-Hajji died in exile in 1412 CE.",John E Morby. 2018. Dynasties of the World. A Chronological and Genealogical Handbook. Oxford University Press. Oxford.,https://www.zotero.org/groups/1051264/seshat_databank/items/3C5IVS6E
Upper Egypt,Islamic_Caliphates,Mamluk Sultanate,EgMamCP,Al-Zahir Barquq,Al-Nasir Faraj,A,2,1390,1399,A,A,A,A,A,A,A,A,,Barquq died in 1399 CE after replacing many of his rivals and governors who opposed him. He was succeeded by his son Al-Nasir Faraj.,"John E Morby. 2018. Dynasties of the World. A Chronological and Genealogical Handbook. Oxford University Press. Oxford. $ Wansbrough, J., “Farad̲j̲”, in: Encyclopaedia of Islam, Second Edition, Edited by: P. Bearman, Th. Bianquis, C.E. Bosworth, E. van Donzel, W.P. Heinrichs. Consulted online on 24 February 2020 <http://dx.doi.org/10.1163/1573-3912_islam_SIM_2266>",https://www.zotero.org/groups/1051264/seshat_databank/items/3C5IVS6E $ https://www.zotero.org/groups/1051264/seshat_databank/items/EC43QPN9/item-list
Upper Egypt,Islamic_Caliphates,Mamluk Sultanate,EgMamCP,Al-Nasir Faraj,Al-Muayyad Shaykh,P,1,1399,1412,P,A,P,P,A,A,A,A,,"Al-Nasir Faraj had a tumultuous reign, as did his successors. He inherited the throne in 1399 CE from his father Barquq at the age of thirteen and was Sultan for six years before being usurped by his brother Izz ad-Din Abd al-Aziz. However Al-Aziz only reigned for two months before Al-Nasir Faraj was restored as Sultan. In 1412 CE Faraj was deposed once more by Al-Musta'in who became Sultan reluctantly. He himself was in the role only six-months before another contender, Al-Muayyad Shaykh, took the throne","John E Morby. 2018. Dynasties of the World. A Chronological and Genealogical Handbook. Oxford University Press. Oxford. $ Petry, Carl Forbes, “Faraj, al-Malik al-Nāṣir”, in: Encyclopaedia of Islam, THREE, Edited by: Kate Fleet, Gudrun Krämer, Denis Matringe, John Nawas, Everett Rowson. Consulted online on 20 February 2020 <http://dx.doi.org/10.1163/1573-3912_ei3_COM_26969>",https://www.zotero.org/groups/1051264/seshat_databank/items/3C5IVS6E $ https://www.zotero.org/groups/1051264/seshat_databank/items/99T53QHA/item-list
Upper Egypt,Islamic_Caliphates,Mamluk Sultanate,EgMamBu,Al-Muayyad Shaykh,Al-Ashraf Barsbay,P,1,1412,1421,P,U*,P,A,A,A,A,A,,"Al-Muayyad Shaykh took the throne in 1412 CE and died in 1421 CE. After his death there was a period of instability, with four different men occupying the Mamluk throne within one year. Immediately after his death Shaykh was succeeded by his son Al-Muzaffar Ahmad II, but he would reign for just seven months before being usurped by Al-Zahir Tatar. Tatar died after just a two month reign ""from a chill contracted by paranoically wearing chainmail day and night..."", he was succeeded by his son Al-Salih Muhammad III. He would reign from November until the following April, before being ousted by Al-Ashraf Barsbay in 1422 CE.","Irwin, Robert. “Factions in Medieval Egypt*.” Journal of the Royal Asiatic Society 118, no. 2 (April 1986): 228–46. https://doi.org/10.1017/S0035869X00139917.","Irwin, Robert. “Factions in Medieval Egypt*.” Journal of the Royal Asiatic Society 118, no. 2 (April 1986): 228–46. https://doi.org/10.1017/S0035869X00139917. Seshat URL: https://www.zotero.org/groups/1051264/seshat_databank/collections/XTMJWW75/items/V95IH76I/item-details"
Upper Egypt,Islamic_Caliphates,Mamluk Sultanate,EgMamBu,Al-Ashraf Barsbay,Al-Zahir Jaqmaq,P,1,1422,1438,A,A,P,A,A,A,A,A,,"Al-Ashraf Barsbay had a relatively long reign, ruling from 1422 CE until 1438 CE. His reign was relatively stable in comparison to some of his predecessors, despite the sultanate being struck by severe famine and plague. He died in 1438 CE and was succeeded by his fifteen year old son Al-Aziz Yusuf. However Yusuf would reign for only four months before being ousted by his regent and protector Al-Zahir Jaqmaq.",John E Morby. 2018. Dynasties of the World. A Chronological and Genealogical Handbook. Oxford University Press. Oxford.,https://www.zotero.org/groups/1051264/seshat_databank/items/3C5IVS6E
Upper Egypt,Islamic_Caliphates,Mamluk Sultanate,EgMamBu,Al-Zahir Jaqmaq,Al-Ashraf Inal,P,1,1438,1453,P,A,P,P,A,A,A,A,,"Al-Zahir Jaqmaq was already sixty-five when he usurped Al-Aziz Jamal ad-Din Yusuf. He reigned until 1453, when he died at the age of eighty. He named his son Al-Mansur Uthman as heir, who ascended the throne in February 1453 CE. Uthman would only rule for two months before he was ousted by the emirs, whom he had alienated with bad behaviour and extortion. He was replaced with Al-Ashraf Inal.","John E Morby. 2018. Dynasties of the World. A Chronological and Genealogical Handbook. Oxford University Press. Oxford. $ Sobernheim, M., “Čaḳmaḳ”, in: Encyclopaedia of Islam, Second Edition, Edited by: P. Bearman, Th. Bianquis, C.E. Bosworth, E. van Donzel, W.P. Heinrichs. Consulted online on 21 February 2020 <http://dx.doi.org/10.1163/1573-3912_islam_SIM_1584>",https://www.zotero.org/groups/1051264/seshat_databank/items/3C5IVS6E $ https://www.zotero.org/groups/1051264/seshat_databank/items/JMU9B3VV/item-list
Upper Egypt,Islamic_Caliphates,Mamluk Sultanate,EgMamBu,Al-Ashraf Inal,Al-Zahir Khushqadam,P,1,1453,1461,A,A,P,A,A,A,A,A,,"At age seventy-three Al-Ashraf Inal usurped Al-Mansur Uthman and was proclaimed Sultan in 1453 CE. His reign was a particularly tumultuous one, with his Mamluk warriors making frequent raids on his own people. In 1460 CE a plague ripped through Egypt claiming Al-Ashraf Inal as one of its victims. He had named his son Al-Muayyad Ahmad III as his successor, but he would only rule for four months before peacefully abdicating after pressure from an alliance of Zahiris, Ashrafis, Nasiris and his own Mu'ayyadis. Ahmad was succeeded by Al-Zahir Khushqadam.",John E Morby. 2018. Dynasties of the World. A Chronological and Genealogical Handbook. Oxford University Press. Oxford.,https://www.zotero.org/groups/1051264/seshat_databank/items/3C5IVS6E
Upper Egypt,Islamic_Caliphates,Mamluk Sultanate,EgMamBu,Al-Zahir Khushqadam,Al-Ashraf Qaitbay,P,1,1461,1467,P,A,P,P,A,A,A,A,,"Al-Zahir Khushqadam was Sultan of the Mamluks from 1461 CE until his death in 1467 CE. He came to power in a coup, deposing Al-Muayyad Ahmad III peacefully. Upon Khushqadam’s death Al-Zahir Bilbay became sultan, however he ruled for barely three months before being captured and deposed by Dhahiri Mamluks, who named Al-Zahir Timurbugha Sultan. Timurbugha, like his predecessor would only last a few months as Sultan before he himself was dethroned in a palace coup d’états in January 1468 CE. He was replaced with Al-Ashraf Qaitbay, who granted Timurbugha an honourable retirement. Immediately after Qaitbay's accession an insurrection boiled over in Eastern Analtolia, but was successfully put down in 1469 CE.","John E Morby. 2018. Dynasties of the World. A Chronological and Genealogical Handbook. Oxford University Press. Oxford. $ Levanoni, A., 1994. The Mamluk Conception of the Sultanate. International Journal of Middle East Studies, 26(3), pp.373-392. $ Holt, P.M., “K̲h̲us̲h̲ḳadam”, in: Encyclopaedia of Islam, Second Edition, Edited by: P. Bearman, Th. Bianquis, C.E. Bosworth, E. van Donzel, W.P. Heinrichs. Consulted online on 24 February 2020 <http://dx.doi.org/10.1163/1573-3912_islam_SIM_4349>",https://www.zotero.org/groups/1051264/seshat_databank/items/9GMFFHIX/item-listhttps://www.zotero.org/groups/1051264/seshat_databank/items/3C5IVS6E $
Upper Egypt,Islamic_Caliphates,Mamluk Sultanate,EgMamBu,Al-Ashraf Qaitbay,Al-Nasir Muhammad IV,A,1,1468,1496,A,A,A,A,A,A,A,A,,"Al-Ashraf Qaitbay was Sultan of the Mamluks from his usurpation of Timuburgha in 1468 CE, until his death in 1496 CE. He was succeeded by his son Al-Nasir Muhammad IV.",John E Morby. 2018. Dynasties of the World. A Chronological and Genealogical Handbook. Oxford University Press. Oxford.,https://www.zotero.org/groups/1051264/seshat_databank/items/3C5IVS6E
Upper Egypt,Islamic_Caliphates,Mamluk Sultanate,EgMamBu,Al-Nasir Muhammad IV,Al-Zahir Qansuh I,P,1,1496,1498,P,P,A,P,A,A,A,A,,"Al-Nasir Muhammad IV came to the Mamluk throne in 1496 CE following the death of his father. Al-Nasir’s reign was cut short, barely two years, before being deposed by Al-Zahir Qansuh I. Qansuh had been purchased by Sultan Qaitbay and made protector of his heir Al-Nasir Muhammad IV, which turned out to be a terrible miscalculation. In 1498 CE, after Al-Nasir Muhammad IV took over as Sultan, the Mamluks rebelled and killed him, electing Al-Zahir Qansuh I in his place.","John E Morby. 2018. Dynasties of the World. A Chronological and Genealogical Handbook. Oxford University Press. Oxford. $ Irwin, R., 1986. Factions in Medieval Egypt. Journal of the Royal Asiatic Society, 118(2), pp.228-246.",https://www.zotero.org/groups/1051264/seshat_databank/items/3C5IVS6E $ https://www.zotero.org/groups/1051264/seshat_databank/items/3P7EBTM4/item-list
Upper Egypt,Islamic_Caliphates,Mamluk Sultanate,EgMamBu,Al-Zahir Qansuh I,Al-Ashraf Qansuh II,P,1,1498,1500,P,P,P,P,A,A,A,A,,"Al-Zahir Qansuh I would last no longer than his predecessor, reigning from 1498 CE until 1500 CE. Qansuh would meet a grisly end, being strangled on the orders of future Sultan Al-Adil Tumanbay. However, he was immediately succeeded by Al-Ashraf Janbalat who reigned from June 1500 CE until January 1501 CE; Janbalat was replaced by Qansuh I killer Al-Adil Tumanbay. Soon after his accession a revolt too place to remove him and his cruel methods. His replacement was Al-Ashraf Qansuh II an adherent and loyalist to the first Qansuh. Qansuh II immediately set about removing all of Tumanbay’s associates from the halls of power and soon found the deposed Sultan hiding with friends. Qansuh II had him executed putting an end to his revolt.",John E Morby. 2018. Dynasties of the World. A Chronological and Genealogical Handbook. Oxford University Press. Oxford.,https://www.zotero.org/groups/1051264/seshat_databank/items/3C5IVS6E
Upper Egypt,Islamic_Caliphates,Mamluk Sultanate,EgMamBu,Al-Ashraf Qansuh II,Al-Ashraf Tumanbay II,P,1,1501,1516,P,P,P,P,A,A,P,A,"Battle of Marj Dabiq, Ottoman-Mamluk war","Al-Ashraf Qansuh II saw the effective end of the Mamluk Sultanate, reigning from 1501 CE until his death in the Ottoman- Mamluk war. ""The flight of the Mamlūk left wing, commanded by K̲h̲āʾir Bey (who was probably in secret understanding with the Ottomans), led to the break-up of the whole Mamlūk position. In the confusion, al-G̲h̲awrī fell from his horse and died, apparently of apoplexy. His body was never recovered."" His death marked the end of Mamluk control of the middle-east and the rise of Ottoman hegemony in the region. He was succeeded in 1516 CE by Al-Ashraf Tumanbay II, who carried on the war, but failed to fend off the Ottoman threat.","John E Morby. 2018. Dynasties of the World. A Chronological and Genealogical Handbook. Oxford University Press. Oxford. $ Holt, P.M., “Ḳānṣawh al-G̲h̲awrī”, in: Encyclopaedia of Islam, Second Edition, Edited by: P. Bearman, Th. Bianquis, C.E. Bosworth, E. van Donzel, W.P. Heinrichs. Consulted online on 23 February 2020 <http://dx.doi.org/10.1163/1573-3912_islam_SIM_3873>",https://www.zotero.org/groups/1051264/seshat_databank/items/3C5IVS6E $ https://www.zotero.org/groups/1051264/seshat_databank/items/AE982SRA/item-list
Upper Egypt,Islamic_Caliphates,Mamluk Sultanate,EgMamBu,Al-Ashraf Tumanbay II,End of Mamluk Sultanate,P,1,1516,1517,P,P,P,P,A,A,P,A,Ottoman-Mamluk war,"Al-Ashraf Tumanbay II was the last Sultan of the Mamluk Sultanate, reigning for only a few months before the Ottomans were finally able to subdue their long time enemy in the middle-east. He was executed in 1517 CE, and with his death the Mamluk Dynasty would come to an end. Egypt was incorporated into the Ottoman Empire and administrated by a Pasha. The Sultanate would eventually be revived in the 19th Century under a different dynasty.","John E Morby. 2018. Dynasties of the World. A Chronological and Genealogical Handbook. Oxford University Press. Oxford. $ Holt, P.M., “Ṭūmān Bāy”, in: Encyclopaedia of Islam, Second Edition, Edited by: P. Bearman, Th. Bianquis, C.E. Bosworth, E. van Donzel, W.P. Heinrichs. Consulted online on 23 February 2020 <http://dx.doi.org/10.1163/1573-3912_islam_SIM_7623>",https://www.zotero.org/groups/1051264/seshat_databank/items/3C5IVS6E $ https://www.zotero.org/groups/1051264/seshat_databank/items/8ZS2FJPV/item-list
Upper Egypt,Pharaonic_Egypt,Middle Kingdom,EgMidKg,Mentuhotep III / Sankhkara,Mentuhotep IV / Nebtawyra,A*,1,-2004,-1992,A*,A*,A*,A*,A*,A*,A,A*,,"Mentuhotep III inherited the throne from his father as an old man (Clayton 1994, 75). His successor Mentuhotep IV may have 'usurped the throne, since he is missing from the king-lists' (Callender 2000, 145), but the sources do not suggest that Mentuhotep III was assassinated.","(Shaw 2000) Shaw, Ian. 2000. “Chronology.” In The Oxford History of Ancient Egypt, edited by Ian Shaw, 480–89. Oxford: Oxford University Press. Seshat URL: https://www.zotero.org/groups/seshat_databank/items/itemKey/48FRNB9P $ (Morby and Rozier 2014) Morby, John E., and Charlie Rozier. 2014. Dynasties of the World. 2nd ed., online edition. Oxford: Oxford University Press. DOI: 10.1093/acref/9780191780073.001.0001. Seshat URL: https://www.zotero.org/groups/seshat_databank/items/itemKey/3C5IVS6E $ (Clayton 1994, 75-76) Clayton, Peter A. 1994. Chronicle of the Pharaohs: The Reign-by-Reign Record of the Rulers and Dynasties of Ancient Egypt. London: Thames and Hudson. Seshat URL: https://www.zotero.org/groups/seshat_databank/items/itemKey/N9DP44W9 $ (Callender 2000, 144-45) Callender, Gae. 2000. “The Middle Kingdom Renaissance (2055-1650 BC).” In The Oxford History of Ancient Egypt, edited by Ian Shaw, 148–83. Oxford: Oxford University Press. Seshat URL: https://www.zotero.org/groups/seshat_databank/items/itemKey/N5PCARXM.",
Upper Egypt,Pharaonic_Egypt,Middle Kingdom,EgMidKg,Mentuhotep IV / Nebtawyra,Amenemhat I / Sehetepibra,P,1,-1992,-1985,P,U*,P,A*,A*,A*,A,A*,,"Mentuhotep IV was overthrown by his vizier Amenemhet, who founded the Twelfth Dynasty (Clayton 1994, 78), but the sources do not specify whether this involved an assassination.","(Shaw 2000) Shaw, Ian. 2000. “Chronology.” In The Oxford History of Ancient Egypt, edited by Ian Shaw, 480–89. Oxford: Oxford University Press. Seshat URL: https://www.zotero.org/groups/seshat_databank/items/itemKey/48FRNB9P $ (Morby and Rozier 2014) Morby, John E., and Charlie Rozier. 2014. Dynasties of the World. 2nd ed., online edition. Oxford: Oxford University Press. DOI: 10.1093/acref/9780191780073.001.0001. Seshat URL: https://www.zotero.org/groups/seshat_databank/items/itemKey/3C5IVS6E $ (Clayton 1994, 76-77) Clayton, Peter A. 1994. Chronicle of the Pharaohs: The Reign-by-Reign Record of the Rulers and Dynasties of Ancient Egypt. London: Thames and Hudson. Seshat URL: https://www.zotero.org/groups/seshat_databank/items/itemKey/N9DP44W9 $ (Callender 2000, 145) Callender, Gae. 2000. “The Middle Kingdom Renaissance (2055-1650 BC).” In The Oxford History of Ancient Egypt, edited by Ian Shaw, 148–83. Oxford: Oxford University Press. Seshat URL: https://www.zotero.org/groups/seshat_databank/items/itemKey/N5PCARXM.",
Upper Egypt,Pharaonic_Egypt,Middle Kingdom,EgMidKg,Amenemhat I / Sehetepibra,Senusret I / Kheperkara,P,1,-1985,-1956,P,P,P*,P,A*,A*,A,A*,,"Amenemhat seems to have risen from humble beginnings to become Mentuhotep IV's vizier before overthrowing Mentuhotep to found the Twelfth Dynasty (Clayton 1994, 77; Callender 2000, 146). He faced opposition from 'recalcitrant nomarchs, Asiatics and Nubians on the southern frontiers', whom he 'crushed' (Clayton 1994, 79). He was murdered, possibly by his bodyguards (Callender 2000, 148). Amenemhat's son Senusret returned from the western desert and established himself on the throne (Clayton 1994, 79).","(Shaw 2000) Shaw, Ian. 2000. “Chronology.” In The Oxford History of Ancient Egypt, edited by Ian Shaw, 480–89. Oxford: Oxford University Press. Seshat URL: https://www.zotero.org/groups/seshat_databank/items/itemKey/48FRNB9P $ (Morby and Rozier 2014) Morby, John E., and Charlie Rozier. 2014. Dynasties of the World. 2nd ed., online edition. Oxford: Oxford University Press. DOI: 10.1093/acref/9780191780073.001.0001. Seshat URL: https://www.zotero.org/groups/seshat_databank/items/itemKey/3C5IVS6E $ (Clayton 1994, 77, 79) Clayton, Peter A. 1994. Chronicle of the Pharaohs: The Reign-by-Reign Record of the Rulers and Dynasties of Ancient Egypt. London: Thames and Hudson. Seshat URL: https://www.zotero.org/groups/seshat_databank/items/itemKey/N9DP44W9 $ (Callender 2000, 146, 148) Callender, Gae. 2000. “The Middle Kingdom Renaissance (2055-1650 BC).” In The Oxford History of Ancient Egypt, edited by Ian Shaw, 148–83. Oxford: Oxford University Press. Seshat URL: https://www.zotero.org/groups/seshat_databank/items/itemKey/N5PCARXM.",
Upper Egypt,Pharaonic_Egypt,Middle Kingdom,EgMidKg,Senusret I / Kheperkara,Amenemhat II / Nubkaura,A,1,-1956,-1911,A,A,A,A,A,A,A,A,,"When Senusret died, the throne passed to his son Amenemhet II (Clayton 1994, 81)","(Shaw 2000) Shaw, Ian. 2000. “Chronology.” In The Oxford History of Ancient Egypt, edited by Ian Shaw, 480–89. Oxford: Oxford University Press. Seshat URL: https://www.zotero.org/groups/seshat_databank/items/itemKey/48FRNB9P $ (Morby and Rozier 2014) Morby, John E., and Charlie Rozier. 2014. Dynasties of the World. 2nd ed., online edition. Oxford: Oxford University Press. DOI: 10.1093/acref/9780191780073.001.0001. Seshat URL: https://www.zotero.org/groups/seshat_databank/items/itemKey/3C5IVS6E $ (Clayton 1994, 79-81) Clayton, Peter A. 1994. Chronicle of the Pharaohs: The Reign-by-Reign Record of the Rulers and Dynasties of Ancient Egypt. London: Thames and Hudson. Seshat URL: https://www.zotero.org/groups/seshat_databank/items/itemKey/N9DP44W9.",
Upper Egypt,Pharaonic_Egypt,Middle Kingdom,EgMidKg,Amenemhat II / Nubkaura,Senusret II / Khakheperra,A,1,-1911,-1877,A,A,A,A,A,A,A,A,,"Amenemhet II peacefully succeeded his father Senusret I and passed the throne to his son Senusret II (Clayton 1994, 81-82).","(Shaw 2000) Shaw, Ian. 2000. “Chronology.” In The Oxford History of Ancient Egypt, edited by Ian Shaw, 480–89. Oxford: Oxford University Press. Seshat URL: https://www.zotero.org/groups/seshat_databank/items/itemKey/48FRNB9P $ (Morby and Rozier 2014) Morby, John E., and Charlie Rozier. 2014. Dynasties of the World. 2nd ed., online edition. Oxford: Oxford University Press. DOI: 10.1093/acref/9780191780073.001.0001. Seshat URL: https://www.zotero.org/groups/seshat_databank/items/itemKey/3C5IVS6E $ (Clayton 1994, 81-82) Clayton, Peter A. 1994. Chronicle of the Pharaohs: The Reign-by-Reign Record of the Rulers and Dynasties of Ancient Egypt. London: Thames and Hudson. Seshat URL: https://www.zotero.org/groups/seshat_databank/items/itemKey/N9DP44W9.",
Upper Egypt,Pharaonic_Egypt,Middle Kingdom,EgMidKg,Senusret II / Khakheperra,Senusret III / Khakaura,A,1,-1877,-1870,A,A,A,A,A,A,A,A,,"Senusret II succeeded his father and enjoyed a 'peaceful' reign and 'cordial' relations with provincial elites (Clayton 1994, 82-83). He passed the throne to his son Senusret III.","(Shaw 2000) Shaw, Ian. 2000. “Chronology.” In The Oxford History of Ancient Egypt, edited by Ian Shaw, 480–89. Oxford: Oxford University Press. Seshat URL: https://www.zotero.org/groups/seshat_databank/items/itemKey/48FRNB9P $ (Morby and Rozier 2014) Morby, John E., and Charlie Rozier. 2014. Dynasties of the World. 2nd ed., online edition. Oxford: Oxford University Press. DOI: 10.1093/acref/9780191780073.001.0001. Seshat URL: https://www.zotero.org/groups/seshat_databank/items/itemKey/3C5IVS6E $ (Clayton 1994, 82-84) Clayton, Peter A. 1994. Chronicle of the Pharaohs: The Reign-by-Reign Record of the Rulers and Dynasties of Ancient Egypt. London: Thames and Hudson. Seshat URL: https://www.zotero.org/groups/seshat_databank/items/itemKey/N9DP44W9.",
Upper Egypt,Pharaonic_Egypt,Middle Kingdom,EgMidKg,Senusret III / Khakaura,Amenemhat III / Nimaatra,A,1,-1870,-1831,A,A,A,A,A,A,A,A,,"Senusret III carried out administrative reforms to centralize the Egyptian state (Clayton 1994, 84-85; Callender 2000, 155) and led 'brutal' military campaigns into Nubia and Palestine (Callender 2000, 154-55). The sources do not mention palace conspiracies or general uprisings. He passed the throne to his son Amenemhet III.","(Shaw 2000) Shaw, Ian. 2000. “Chronology.” In The Oxford History of Ancient Egypt, edited by Ian Shaw, 480–89. Oxford: Oxford University Press. Seshat URL: https://www.zotero.org/groups/seshat_databank/items/itemKey/48FRNB9P $ (Morby and Rozier 2014) Morby, John E., and Charlie Rozier. 2014. Dynasties of the World. 2nd ed., online edition. Oxford: Oxford University Press. DOI: 10.1093/acref/9780191780073.001.0001. Seshat URL: https://www.zotero.org/groups/seshat_databank/items/itemKey/3C5IVS6E $ (Clayton 1994, 84-87) Clayton, Peter A. 1994. Chronicle of the Pharaohs: The Reign-by-Reign Record of the Rulers and Dynasties of Ancient Egypt. London: Thames and Hudson. Seshat URL: https://www.zotero.org/groups/seshat_databank/items/itemKey/N9DP44W9 $ (Callender 2000, 154-55) Callender, Gae. 2000. “The Middle Kingdom Renaissance (2055-1650 BC).” In The Oxford History of Ancient Egypt, edited by Ian Shaw, 148–83. Oxford: Oxford University Press. Seshat URL: https://www.zotero.org/groups/seshat_databank/items/itemKey/N5PCARXM.",
Upper Egypt,Pharaonic_Egypt,Middle Kingdom,EgMidKg,Amenemhat III / Nimaatra,Amenemhat IV / Maakherura,A,1,-1831,-1786,A,A,A,A,A,A,A,A,,"Amenemhet III presided over a period of economic prosperity in Egypt and focussed on consolidating his predecessor's achievements (Clayton 1994, 87; Callender 2000, 156). However, during his reign there were riots by Nubian rebels north of Kumma (Morkot 2010).","(Shaw 2000) Shaw, Ian. 2000. “Chronology.” In The Oxford History of Ancient Egypt, edited by Ian Shaw, 480–89. Oxford: Oxford University Press. Seshat URL: https://www.zotero.org/groups/seshat_databank/items/itemKey/48FRNB9P $ (Morby and Rozier 2014) Morby, John E., and Charlie Rozier. 2014. Dynasties of the World. 2nd ed., online edition. Oxford: Oxford University Press. DOI: 10.1093/acref/9780191780073.001.0001. Seshat URL: https://www.zotero.org/groups/seshat_databank/items/itemKey/3C5IVS6E $ (Clayton 1994, 87-89) Clayton, Peter A. 1994. Chronicle of the Pharaohs: The Reign-by-Reign Record of the Rulers and Dynasties of Ancient Egypt. London: Thames and Hudson. Seshat URL: https://www.zotero.org/groups/seshat_databank/items/itemKey/N9DP44W9 $ (Callender 2000, 156) Callender, Gae. 2000. “The Middle Kingdom Renaissance (2055-1650 BC).” In The Oxford History of Ancient Egypt, edited by Ian Shaw, 148–83. Oxford: Oxford University Press. Seshat URL: https://www.zotero.org/groups/seshat_databank/items/itemKey/N5PCARXM $ (Morkot 2010) Morkot, Robert. 2010. The A to Z of Ancient Egyptian Warfare. Lanham, MD: Rowman & Littlefield. Seshat URL: https://www.zotero.org/groups/seshat_databank/items/itemKey/AHFJE5Z2.",
Upper Egypt,Pharaonic_Egypt,Middle Kingdom,EgMidKg,Amenemhat IV / Maakherura,Queen Sobekneferu / Sobekkara,A,1,-1786,-1777,A*,A*,A*,A*,A*,A*,A,A*,,"Amenemhet IV was the son (or possibly grandson) of Amenemhet III (Callender 2000, 158). He may have come to the throne as an old man and was succeeded by his queen, Sobeknefru (Clayton 1994, 89; Callender 2000, 158).","(Shaw 2000) Shaw, Ian. 2000. “Chronology.” In The Oxford History of Ancient Egypt, edited by Ian Shaw, 480–89. Oxford: Oxford University Press. Seshat URL: https://www.zotero.org/groups/seshat_databank/items/itemKey/48FRNB9P $ (Morby and Rozier 2014) Morby, John E., and Charlie Rozier. 2014. Dynasties of the World. 2nd ed., online edition. Oxford: Oxford University Press. DOI: 10.1093/acref/9780191780073.001.0001. Seshat URL: https://www.zotero.org/groups/seshat_databank/items/itemKey/3C5IVS6E $ (Clayton 1994, 89) Clayton, Peter A. 1994. Chronicle of the Pharaohs: The Reign-by-Reign Record of the Rulers and Dynasties of Ancient Egypt. London: Thames and Hudson. Seshat URL: https://www.zotero.org/groups/seshat_databank/items/itemKey/N9DP44W9 $ (Callender 2000, 158) Callender, Gae. 2000. “The Middle Kingdom Renaissance (2055-1650 BC).” In The Oxford History of Ancient Egypt, edited by Ian Shaw, 148–83. Oxford: Oxford University Press. Seshat URL: https://www.zotero.org/groups/seshat_databank/items/itemKey/N5PCARXM.",
Upper Egypt,Pharaonic_Egypt,Middle Kingdom,EgMidKg,Queen Sobekneferu / Sobekkara,Wegaf / Khutawyra,U*,1,-1777,-1773,A*,A*,A*,A*,A*,A*,A,A*,,"Queen Sobeknefru: little is known about her from the written records (Clayton 1994, 89). Kim Ryholt (1997, 197) proposes that the demarcation between the Twelfth and Thirteenth Dynasties reflects the rise of the independent Fourteenth Dynasty in the eastern Delta, an event he believes took place during Sobekneferu's reign. However, at the royal centre of Itj-tawy near the Faiyum, the transition from Sobekneferu to Wegaf, first ruler of the Thirteenth Dynasty, appears to have been 'smooth' (Clayton 1994, 90).","(Shaw 2000) Shaw, Ian. 2000. “Chronology.” In The Oxford History of Ancient Egypt, edited by Ian Shaw, 480–89. Oxford: Oxford University Press. Seshat URL: https://www.zotero.org/groups/seshat_databank/items/itemKey/48FRNB9P $ (Morby and Rozier 2014) Morby, John E., and Charlie Rozier. 2014. Dynasties of the World. 2nd ed., online edition. Oxford: Oxford University Press. DOI: 10.1093/acref/9780191780073.001.0001. Seshat URL: https://www.zotero.org/groups/seshat_databank/items/itemKey/3C5IVS6E $ (Clayton 1994, 89-90) Clayton, Peter A. 1994. Chronicle of the Pharaohs: The Reign-by-Reign Record of the Rulers and Dynasties of Ancient Egypt. London: Thames and Hudson. Seshat URL: https://www.zotero.org/groups/seshat_databank/items/itemKey/N9DP44W9 $ (Callender 2000, 159) Callender, Gae. 2000. “The Middle Kingdom Renaissance (2055-1650 BC).” In The Oxford History of Ancient Egypt, edited by Ian Shaw, 148–83. Oxford: Oxford University Press. Seshat URL: https://www.zotero.org/groups/seshat_databank/items/itemKey/N5PCARXM $ (Ryholt 1997, 197) Ryholt, Kim. 1997. The Political Situation in Egypt during the Second Intermediate Period, 1800-1550 B.Copenhagen: Museum Tusculanum Press. Seshat URL: https://www.zotero.org/groups/seshat_databank/items/itemKey/FT6SAQBA $ (Ryholt 1997, 197) Ryholt, Kim. 1997. The Political Situation in Egypt during the Second Intermediate Period, 1800-1550 B.Copenhagen: Museum Tusculanum Press. Seshat URL: https://www.zotero.org/groups/seshat_databank/items/itemKey/FT6SAQBA.",
Upper Egypt,Pharaonic_Egypt,Middle Kingdom,EgMidKg,Wegaf / Khutawyra,Sobekhotep II / Sekhemra-khutawy,U*,1,-1773,U*,U*,U*,U*,U*,U*,U*,A,U*,,"Thirteenth Dynasty: 'the new dynasty was made up of different lineages, and the question of how the king might have been chosen is unresolved' (Callender 2000, 159). Callender (2000, 168) does tell us that the first ruler, Wegaf, was 'usurped by Neferhotep I' (presumably the same ruler as Neferhotep II in Shaw's chronology), but other sources (e.g. Clayton 1994, 90) list different rulers as Wegaf's successor, so there is disagreement.","(Shaw 2000) Shaw, Ian. 2000. “Chronology.” In The Oxford History of Ancient Egypt, edited by Ian Shaw, 480–89. Oxford: Oxford University Press. Seshat URL: https://www.zotero.org/groups/seshat_databank/items/itemKey/48FRNB9P $ (Morby and Rozier 2014) Morby, John E., and Charlie Rozier. 2014. Dynasties of the World. 2nd ed., online edition. Oxford: Oxford University Press. DOI: 10.1093/acref/9780191780073.001.0001. Seshat URL: https://www.zotero.org/groups/seshat_databank/items/itemKey/3C5IVS6E $ (Clayton 1994, 90-91) Clayton, Peter A. 1994. Chronicle of the Pharaohs: The Reign-by-Reign Record of the Rulers and Dynasties of Ancient Egypt. London: Thames and Hudson. Seshat URL: https://www.zotero.org/groups/seshat_databank/items/itemKey/N9DP44W9 $ (Callender 2000, 159, 168) Callender, Gae. 2000. “The Middle Kingdom Renaissance (2055-1650 BC).” In The Oxford History of Ancient Egypt, edited by Ian Shaw, 148–83. Oxford: Oxford University Press. Seshat URL: https://www.zotero.org/groups/seshat_databank/items/itemKey/N5PCARXM.",
Upper Egypt,Pharaonic_Egypt,Middle Kingdom,EgMidKg,Sobekhotep II / Sekhemra-khutawy,Iykhernefert Neferhotep / Sankhtawy-sekhemra,U*,1,U*,U*,U*,U*,U*,U*,U*,U*,A,U*,,"The chronology of the Thirteenth Dynasty is 'hard to ascertain' due to paucity of evidence (Clayton 1994, 91), and we know little about these rulers. We have Shaw's (2000) chronology of the order of names which does not have concrete dates. The rules of succession are not understood: 'the new dynasty was made up of different lineages, and the question of how the king might have been chosen is unresolved' (Callender 2000, 159).","(Shaw 2000) Shaw, Ian. 2000. “Chronology.” In The Oxford History of Ancient Egypt, edited by Ian Shaw, 480–89. Oxford: Oxford University Press. Seshat URL: https://www.zotero.org/groups/seshat_databank/items/itemKey/48FRNB9P $ (Morby and Rozier 2014) Morby, John E., and Charlie Rozier. 2014. Dynasties of the World. 2nd ed., online edition. Oxford: Oxford University Press. DOI: 10.1093/acref/9780191780073.001.0001. Seshat URL: https://www.zotero.org/groups/seshat_databank/items/itemKey/3C5IVS6E $ (Clayton 1994, 90-91) Clayton, Peter A. 1994. Chronicle of the Pharaohs: The Reign-by-Reign Record of the Rulers and Dynasties of Ancient Egypt. London: Thames and Hudson. Seshat URL: https://www.zotero.org/groups/seshat_databank/items/itemKey/N9DP44W9 $ (Callender 2000, 159) Callender, Gae. 2000. “The Middle Kingdom Renaissance (2055-1650 BC).” In The Oxford History of Ancient Egypt, edited by Ian Shaw, 148–83. Oxford: Oxford University Press. Seshat URL: https://www.zotero.org/groups/seshat_databank/items/itemKey/N5PCARXM.",
Upper Egypt,Pharaonic_Egypt,Middle Kingdom,EgMidKg,Iykhernefert Neferhotep / Sankhtawy-sekhemra,Ameny-intef-amenemhat / Sankhibra,U*,1,U*,U*,U*,U*,U*,U*,U*,U*,A,U*,,"The chronology of the Thirteenth Dynasty is 'hard to ascertain' due to paucity of evidence (Clayton 1994, 91), and we know little about these rulers. We have Shaw's (2000) chronology of the order of names which does not have concrete dates. The rules of succession are not understood: 'the new dynasty was made up of different lineages, and the question of how the king might have been chosen is unresolved' (Callender 2000, 159). A stele left by Iykhernefert Neferhotep, describes him as the defeater of rebels (Bourriau 2000, 191). It is not clear from the sources I am using exactly who these rebels were.","(Shaw 2000) Shaw, Ian. 2000. “Chronology.” In The Oxford History of Ancient Egypt, edited by Ian Shaw, 480–89. Oxford: Oxford University Press. Seshat URL: https://www.zotero.org/groups/seshat_databank/items/itemKey/48FRNB9P $ (Morby and Rozier 2014) Morby, John E., and Charlie Rozier. 2014. Dynasties of the World. 2nd ed., online edition. Oxford: Oxford University Press. DOI: 10.1093/acref/9780191780073.001.0001. Seshat URL: https://www.zotero.org/groups/seshat_databank/items/itemKey/3C5IVS6E $ (Clayton 1994, 90-91) Clayton, Peter A. 1994. Chronicle of the Pharaohs: The Reign-by-Reign Record of the Rulers and Dynasties of Ancient Egypt. London: Thames and Hudson. Seshat URL: https://www.zotero.org/groups/seshat_databank/items/itemKey/N9DP44W9 $ (Callender 2000, 159) Callender, Gae. 2000. “The Middle Kingdom Renaissance (2055-1650 BC).” In The Oxford History of Ancient Egypt, edited by Ian Shaw, 148–83. Oxford: Oxford University Press. Seshat URL: https://www.zotero.org/groups/seshat_databank/items/itemKey/N5PCARXM $ https://www.zotero.org/groups/seshat_databank/items/itemKey/N5PCARXM/q/callender $ (Bourriau 2000, 191) Bourriau, Janine. 2000. “The Second Intermediate Period (1650-1550 BC).” In The Oxford History of Ancient Egypt, edited by Ian Shaw, 172–206. Oxford: Oxford University Press. https://books.google.ca/books?hl=en&lr=&id=-9ViUBNEVWkC&oi=fnd&pg=PA172&dq=The+Second+Intermediate+Period+(c.1650-1550+BC)&ots=pKiSTQ1yAj&sig=t3bHALzGVICc6SbP99rrcHzDpUc https://books.google.ca/books?hl=en&lr=&id=-9ViUBNEVWkC&oi=fnd&pg=PA172&dq=The+Second. Seshat URL: https://www.zotero.org/groups/seshat_databank/items/itemKey/A23VN8AF.",
Upper Egypt,Pharaonic_Egypt,Middle Kingdom,EgMidKg,Ameny-intef-amenemhat / Sankhibra,Hor / Awibra,P*,1,U*,U*,U*,U*,U*,U*,U*,U*,A,U*,,"The chronology of the Thirteenth Dynasty is 'hard to ascertain' due to paucity of evidence (Clayton 1994, 91), and we know little about these rulers. We have Shaw's (2000) chronology of the order of names which does not have concrete dates. The rules of succession are not understood: 'the new dynasty was made up of different lineages, and the question of how the king might have been chosen is unresolved' (Callender 2000, 159). Ryholt (1997, 339) has suggested that the next ruler, Hor, usurped the throne.","(Shaw 2000) Shaw, Ian. 2000. “Chronology.” In The Oxford History of Ancient Egypt, edited by Ian Shaw, 480–89. Oxford: Oxford University Press. Seshat URL: https://www.zotero.org/groups/seshat_databank/items/itemKey/48FRNB9P $ (Morby and Rozier 2014) Morby, John E., and Charlie Rozier. 2014. Dynasties of the World. 2nd ed., online edition. Oxford: Oxford University Press. DOI: 10.1093/acref/9780191780073.001.0001. Seshat URL: https://www.zotero.org/groups/seshat_databank/items/itemKey/3C5IVS6E $ (Clayton 1994, 90-91) Clayton, Peter A. 1994. Chronicle of the Pharaohs: The Reign-by-Reign Record of the Rulers and Dynasties of Ancient Egypt. London: Thames and Hudson. Seshat URL: https://www.zotero.org/groups/seshat_databank/items/itemKey/N9DP44W9 $ (Callender 2000, 159) Callender, Gae. 2000. “The Middle Kingdom Renaissance (2055-1650 BC).” In The Oxford History of Ancient Egypt, edited by Ian Shaw, 148–83. Oxford: Oxford University Press. Seshat URL: https://www.zotero.org/groups/seshat_databank/items/itemKey/N5PCARXM $ (Bourriau 2000, 191) Bourriau, Janine. 2000. “The Second Intermediate Period (1650-1550 BC).” In The Oxford History of Ancient Egypt, edited by Ian Shaw, 172–206. Oxford: Oxford University Press. https://books.google.ca/books?hl=en&lr=&id=-9ViUBNEVWkC&oi=fnd&pg=PA172&dq=The+Second+Intermediate+Period+(c.1650-1550+BC)&ots=pKiSTQ1yAj&sig=t3bHALzGVICc6SbP99rrcHzDpUc https://books.google.ca/books?hl=en&lr=&id=-9ViUBNEVWkC&oi=fnd&pg=PA172&dq=The+Second. Seshat URL: https://www.zotero.org/groups/seshat_databank/items/itemKey/A23VN8AF $ (Ryholt 1997, 339) Ryholt, Kim. 1997. The Political Situation in Egypt during the Second Intermediate Period, 1800-1550 B.Copenhagen: Museum Tusculanum Press. Seshat URL: https://www.zotero.org/groups/seshat_databank/items/itemKey/FT6SAQBA.",
Upper Egypt,Pharaonic_Egypt,Middle Kingdom,EgMidKg,Hor / Awibra,Khendjer / Userkara,U*,1,U*,U*,U*,U*,U*,U*,U*,U*,A,U*,,"The chronology of the Thirteenth Dynasty is 'hard to ascertain' due to paucity of evidence (Clayton 1994, 91), and we know little about these rulers. I have followed Shaw's (2000) chronology in the order of names, and in not giving concrete dates. The rules of succession are not understood: 'the new dynasty was made up of different lineages, and the question of how the king might have been chosen is unresolved' (Callender 2000, 159). The tomb of King Hor is relatively poor and his reign was short (Clayton 1994, 91), and Ryholt (1997, 339) has suggested that he usurped the throne.","(Shaw 2000) Shaw, Ian. 2000. “Chronology.” In The Oxford History of Ancient Egypt, edited by Ian Shaw, 480–89. Oxford: Oxford University Press. Seshat URL: https://www.zotero.org/groups/seshat_databank/items/itemKey/48FRNB9P $ (Morby and Rozier 2014) Morby, John E., and Charlie Rozier. 2014. Dynasties of the World. 2nd ed., online edition. Oxford: Oxford University Press. DOI: 10.1093/acref/9780191780073.001.0001. Seshat URL: https://www.zotero.org/groups/seshat_databank/items/itemKey/3C5IVS6E $ (Clayton 1994, 90-91) Clayton, Peter A. 1994. Chronicle of the Pharaohs: The Reign-by-Reign Record of the Rulers and Dynasties of Ancient Egypt. London: Thames and Hudson. Seshat URL: https://www.zotero.org/groups/seshat_databank/items/itemKey/N9DP44W9 $ (Callender 2000, 159) Callender, Gae. 2000. “The Middle Kingdom Renaissance (2055-1650 BC).” In The Oxford History of Ancient Egypt, edited by Ian Shaw, 148–83. Oxford: Oxford University Press. Seshat URL: https://www.zotero.org/groups/seshat_databank/items/itemKey/N5PCARXM $ (Ryholt 1997, 339) Ryholt, Kim. 1997. The Political Situation in Egypt during the Second Intermediate Period, 1800-1550 B.Copenhagen: Museum Tusculanum Press. Seshat URL: https://www.zotero.org/groups/seshat_databank/items/itemKey/FT6SAQBA.",
Upper Egypt,Pharaonic_Egypt,Middle Kingdom,EgMidKg,Khendjer / Userkara,Sobekhotep III / Sekhemra-sewadjtawy,U*,1,U*,U*,U*,U*,U*,U*,U*,U*,A,U*,,"The chronology of the Thirteenth Dynasty is 'hard to ascertain' due to paucity of evidence (Clayton 1994, 91), and we know little about these rulers. We have Shaw's (2000) chronology of the order of names which does not have concrete dates. The rules of succession are not understood: 'the new dynasty was made up of different lineages, and the question of how the king might have been chosen is unresolved' (Callender 2000, 159).","(Shaw 2000) Shaw, Ian. 2000. “Chronology.” In The Oxford History of Ancient Egypt, edited by Ian Shaw, 480–89. Oxford: Oxford University Press. Seshat URL: https://www.zotero.org/groups/seshat_databank/items/itemKey/48FRNB9P $ (Morby and Rozier 2014) Morby, John E., and Charlie Rozier. 2014. Dynasties of the World. 2nd ed., online edition. Oxford: Oxford University Press. DOI: 10.1093/acref/9780191780073.001.0001. Seshat URL: https://www.zotero.org/groups/seshat_databank/items/itemKey/3C5IVS6E $ (Clayton 1994, 90-91) Clayton, Peter A. 1994. Chronicle of the Pharaohs: The Reign-by-Reign Record of the Rulers and Dynasties of Ancient Egypt. London: Thames and Hudson. Seshat URL: https://www.zotero.org/groups/seshat_databank/items/itemKey/N9DP44W9 $ (Callender 2000, 159) Callender, Gae. 2000. “The Middle Kingdom Renaissance (2055-1650 BC).” In The Oxford History of Ancient Egypt, edited by Ian Shaw, 148–83. Oxford: Oxford University Press. Seshat URL: https://www.zotero.org/groups/seshat_databank/items/itemKey/N5PCARXM.",
Upper Egypt,Pharaonic_Egypt,Middle Kingdom,EgMidKg,Sobekhotep III / Sekhemra-sewadjtawy,Neferhotep I / Khasekhemra,A;P,1,U*,U*,A;P,U*,U*,U*,U*,U*,A,U*,,"(Next king Khasekhemra Neferhotep was 'evidently of non-royal stock' but appears to have been militarily powerful (Callender 2000, 160). This may suggest Sobekhotep III was overthrown - but we cannot assume this, as it’s possible he died without an heir or there was some succession crisis which Khasekhemra emerged from. Hence absent-present may be the most reasonable code. ) The chronology of the Thirteenth Dynasty is 'hard to ascertain' due to paucity of evidence (Clayton 1994, 91), and we know little about these rulers. We have Shaw's (2000) chronology of the order of names which does not have concrete dates. The rules of succession are not understood: 'the new dynasty was made up of different lineages, and the question of how the king might have been chosen is unresolved' (Callender 2000, 159). Sobekhotep Sekhemra-Khutawy is slightly more well known due to a papyrus dating to his reign that provides details on court hierarchies (Callender 2000, 160).","(Shaw 2000) Shaw, Ian. 2000. “Chronology.” In The Oxford History of Ancient Egypt, edited by Ian Shaw, 480–89. Oxford: Oxford University Press. Seshat URL: https://www.zotero.org/groups/seshat_databank/items/itemKey/48FRNB9P $ (Morby and Rozier 2014) Morby, John E., and Charlie Rozier. 2014. Dynasties of the World. 2nd ed., online edition. Oxford: Oxford University Press. DOI: 10.1093/acref/9780191780073.001.0001. Seshat URL: https://www.zotero.org/groups/seshat_databank/items/itemKey/3C5IVS6E $ (Clayton 1994, 90-91) Clayton, Peter A. 1994. Chronicle of the Pharaohs: The Reign-by-Reign Record of the Rulers and Dynasties of Ancient Egypt. London: Thames and Hudson. Seshat URL: https://www.zotero.org/groups/seshat_databank/items/itemKey/N9DP44W9 $ (Callender 2000, 159) Callender, Gae. 2000. “The Middle Kingdom Renaissance (2055-1650 BC).” In The Oxford History of Ancient Egypt, edited by Ian Shaw, 148–83. Oxford: Oxford University Press. Seshat URL: https://www.zotero.org/groups/seshat_databank/items/itemKey/N5PCARXM.",
Upper Egypt,Pharaonic_Egypt,Middle Kingdom,EgMidKg,Neferhotep I / Khasekhemra,Sahathor,U*,1,U*,U*,U*,U*,U*,U*,U*,U*,A,U*,,"His power was challenged by 'local rulers governing independently at Xois and Avaris in the Delta' (Callender 2000, 160).","(Shaw 2000) Shaw, Ian. 2000. “Chronology.” In The Oxford History of Ancient Egypt, edited by Ian Shaw, 480–89. Oxford: Oxford University Press. Seshat URL: https://www.zotero.org/groups/seshat_databank/items/itemKey/48FRNB9P $ (Morby and Rozier 2014) Morby, John E., and Charlie Rozier. 2014. Dynasties of the World. 2nd ed., online edition. Oxford: Oxford University Press. DOI: 10.1093/acref/9780191780073.001.0001. Seshat URL: https://www.zotero.org/groups/seshat_databank/items/itemKey/3C5IVS6E $ (Clayton 1994, 90-91) Clayton, Peter A. 1994. Chronicle of the Pharaohs: The Reign-by-Reign Record of the Rulers and Dynasties of Ancient Egypt. London: Thames and Hudson. Seshat URL: https://www.zotero.org/groups/seshat_databank/items/itemKey/N9DP44W9 $ (Callender 2000, 159-60) Callender, Gae. 2000. “The Middle Kingdom Renaissance (2055-1650 BC).” In The Oxford History of Ancient Egypt, edited by Ian Shaw, 148–83. Oxford: Oxford University Press. Seshat URL: https://www.zotero.org/groups/seshat_databank/items/itemKey/N5PCARXM.",
Upper Egypt,Pharaonic_Egypt,Middle Kingdom,EgMidKg,Sahathor,Sobekhotep IV / Khaneferra,U*,1,U*,U*,U*,U*,U*,U*,U*,U*,A,U*,,"The rules of succession are not understood: 'the new dynasty was made up of different lineages, and the question of how the king might have been chosen is unresolved' (Callender 2000, 159). According to Callender (2000, 160), Sahathor was the son of the preceding king, Neferhotep I. Like his predecessor, however, his power must have been challenged by the emerging independent rulers of the Fourteenth Dynasty in the eastern Delta (Callender 2000, 160; Clayton 1994, 92).","(Shaw 2000) Shaw, Ian. 2000. “Chronology.” In The Oxford History of Ancient Egypt, edited by Ian Shaw, 480–89. Oxford: Oxford University Press. Seshat URL: https://www.zotero.org/groups/seshat_databank/items/itemKey/48FRNB9P $ (Morby and Rozier 2014) Morby, John E., and Charlie Rozier. 2014. Dynasties of the World. 2nd ed., online edition. Oxford: Oxford University Press. DOI: 10.1093/acref/9780191780073.001.0001. Seshat URL: https://www.zotero.org/groups/seshat_databank/items/itemKey/3C5IVS6E $ (Clayton 1994, 90-91) Clayton, Peter A. 1994. Chronicle of the Pharaohs: The Reign-by-Reign Record of the Rulers and Dynasties of Ancient Egypt. London: Thames and Hudson. Seshat URL: https://www.zotero.org/groups/seshat_databank/items/itemKey/N9DP44W9 $ (Callender 2000, 159-60) Callender, Gae. 2000. “The Middle Kingdom Renaissance (2055-1650 BC).” In The Oxford History of Ancient Egypt, edited by Ian Shaw, 148–83. Oxford: Oxford University Press. Seshat URL: https://www.zotero.org/groups/seshat_databank/items/itemKey/N5PCARXM.",
Upper Egypt,Pharaonic_Egypt,Middle Kingdom,EgMidKg,Sobekhotep IV / Khaneferra,Sobekhotep V,U*,1,U*,U*,U*,U*,U*,U*,U*,U*,A,U*,,"The chronology of the Thirteenth Dynasty is 'hard to ascertain' due to paucity of evidence (Clayton 1994, 91), and we know little about these rulers. I have followed Shaw's (2000) chronology in the order of names, and in not giving concrete dates. The rules of succession are not understood: 'the new dynasty was made up of different lineages, and the question of how the king might have been chosen is unresolved' (Callender 2000, 159). Callender (2000, 160) suggests that Sobekhotep IV was the brother of his predecessor Sahathor. He was apparently a 'strong king' but faced rebellions in Nubia (Callender 2000, 160-61). Like his predecessors, his power must also have been challenged by the emerging independent rulers of the Fourteenth Dynasty in the eastern Delta (Callender 2000, 160; Clayton 1994, 92).","(Shaw 2000) Shaw, Ian. 2000. “Chronology.” In The Oxford History of Ancient Egypt, edited by Ian Shaw, 480–89. Oxford: Oxford University Press. Seshat URL: https://www.zotero.org/groups/seshat_databank/items/itemKey/48FRNB9P $ (Morby and Rozier 2014) Morby, John E., and Charlie Rozier. 2014. Dynasties of the World. 2nd ed., online edition. Oxford: Oxford University Press. DOI: 10.1093/acref/9780191780073.001.0001. Seshat URL: https://www.zotero.org/groups/seshat_databank/items/itemKey/3C5IVS6E $ (Clayton 1994, 90-92) Clayton, Peter A. 1994. Chronicle of the Pharaohs: The Reign-by-Reign Record of the Rulers and Dynasties of Ancient Egypt. London: Thames and Hudson. Seshat URL: https://www.zotero.org/groups/seshat_databank/items/itemKey/N9DP44W9 $ (Callender 2000, 159-60) Callender, Gae. 2000. “The Middle Kingdom Renaissance (2055-1650 BC).” In The Oxford History of Ancient Egypt, edited by Ian Shaw, 148–83. Oxford: Oxford University Press. Seshat URL: https://www.zotero.org/groups/seshat_databank/items/itemKey/N5PCARXM.",
Upper Egypt,Pharaonic_Egypt,Middle Kingdom,EgMidKg,Sobekhotep V,Ay / Merneferra,U*,1,U*,U*,U*,U*,U*,U*,U*,U*,A,U*,,"The chronology of the Thirteenth Dynasty is 'hard to ascertain' due to paucity of evidence (Clayton 1994, 91), and we know little about these rulers. I have followed Shaw's (2000) chronology in the order of names, and in not giving concrete dates. The rules of succession are not understood: 'the new dynasty was made up of different lineages, and the question of how the king might have been chosen is unresolved' (Callender 2000, 159). Sobekhotep V faced rebellions in Nubia and his power must have been challenged by the emerging independent rulers of the Fourteenth Dynasty in the Eastern Delta (Callender 2000, 161; Clayton 1994, 92).","(Shaw 2000) Shaw, Ian. 2000. “Chronology.” In The Oxford History of Ancient Egypt, edited by Ian Shaw, 480–89. Oxford: Oxford University Press. Seshat URL: https://www.zotero.org/groups/seshat_databank/items/itemKey/48FRNB9P $ (Morby and Rozier 2014) Morby, John E., and Charlie Rozier. 2014. Dynasties of the World. 2nd ed., online edition. Oxford: Oxford University Press. DOI: 10.1093/acref/9780191780073.001.0001. Seshat URL: https://www.zotero.org/groups/seshat_databank/items/itemKey/3C5IVS6E $ (Clayton 1994, 90-92) Clayton, Peter A. 1994. Chronicle of the Pharaohs: The Reign-by-Reign Record of the Rulers and Dynasties of Ancient Egypt. London: Thames and Hudson. Seshat URL: https://www.zotero.org/groups/seshat_databank/items/itemKey/N9DP44W9 $ (Callender 2000, 159-61) Callender, Gae. 2000. “The Middle Kingdom Renaissance (2055-1650 BC).” In The Oxford History of Ancient Egypt, edited by Ian Shaw, 148–83. Oxford: Oxford University Press. Seshat URL: https://www.zotero.org/groups/seshat_databank/items/itemKey/N5PCARXM.",
Upper Egypt,Pharaonic_Egypt,Middle Kingdom,EgMidKg,Ay / Merneferra,Rahotep,U*,1,U*,U*,U*,U*,U*,U*,U*,U*,A,U*,,"The chronology of the Thirteenth Dynasty is 'hard to ascertain' due to paucity of evidence (Clayton 1994, 91), and we know little about these rulers. I have followed Shaw's (2000) chronology in the order of names, and in not giving concrete dates. The rules of succession are not understood: 'the new dynasty was made up of different lineages, and the question of how the king might have been chosen is unresolved' (Callender 2000, 159). The late Thirteenth Dynasty saw rebellions in Nubia and Merneferra's power must also have been challenged by the emerging independent rulers of the Fourteenth Dynasty in the Eastern Delta (Callender 2000, 161; Clayton 1994, 92).","(Shaw 2000) Shaw, Ian. 2000. “Chronology.” In The Oxford History of Ancient Egypt, edited by Ian Shaw, 480–89. Oxford: Oxford University Press. Seshat URL: https://www.zotero.org/groups/seshat_databank/items/itemKey/48FRNB9P $ (Morby and Rozier 2014) Morby, John E., and Charlie Rozier. 2014. Dynasties of the World. 2nd ed., online edition. Oxford: Oxford University Press. DOI: 10.1093/acref/9780191780073.001.0001. Seshat URL: https://www.zotero.org/groups/seshat_databank/items/itemKey/3C5IVS6E $ (Clayton 1994, 90-92) Clayton, Peter A. 1994. Chronicle of the Pharaohs: The Reign-by-Reign Record of the Rulers and Dynasties of Ancient Egypt. London: Thames and Hudson. Seshat URL: https://www.zotero.org/groups/seshat_databank/items/itemKey/N9DP44W9 $ (Callender 2000, 159-61) Callender, Gae. 2000. “The Middle Kingdom Renaissance (2055-1650 BC).” In The Oxford History of Ancient Egypt, edited by Ian Shaw, 148–83. Oxford: Oxford University Press. Seshat URL: https://www.zotero.org/groups/seshat_databank/items/itemKey/N5PCARXM.",
Upper Egypt,Prehistoric_Egypt,Naqada Culture,EgNaqa3,"""Scorpion""",Narmer,U*,1,-3200,U*,U*,U*,U*,U*,U*,U*,A,U*,,"Arguably the first known ruler of Upper Egypt was 'King Scorpion', who probably lived in the 31st century BCE and is known from finds at Hierakonpolis. He appears on a ceremonial macehead wearing only the crown of Upper Egypt, so he may predate the unification of Upper and Lower Egypt. Apart from this iconographic evidence, historians lack information on King Scorpion's reign, including how it ended. Narmer, who appears on the Narmer Palette and the Narmer Macehead excavated at Hierakonpolis, is the first known king of a unified Egypt. The palette portrays him as victorious over the common people, who are symbolized by lapwings. This suggests a rise to power through violent conquest, but we lack historical detail that would allow us to decide on many of these codes. NB: following Alan Lloyd, no firm dates for the rulers of Dynasties 0 and 1 due to a lack of evidence. According to Ian Shaw, Dynasty 0 lasted from 3200 to 3000 BCE, and Dynasty 1 from 3000-2890 BCE.","(Clayton 1994, 14-19) Clayton, Peter A. 1994. Chronicle of the Pharaohs: The Reign-by-Reign Record of the Rulers and Dynasties of Ancient Egypt. London: Thames and Hudson. Seshat URL: https://www.zotero.org/groups/seshat_databank/items/itemKey/N9DP44W9 $ (Lloyd 2010) Lloyd, Alan B. 2010. “Chronology.” In A Companion to Ancient Egypt, edited by Alan B. Lloyd, 1:xxxii – xliii. Chichester: Wiley-Blackwell. Seshat URL: https://www.zotero.org/groups/seshat_databank/items/itemKey/R95E4VDR $ (Shaw 2000) Shaw, Ian. 2000. “Chronology.” In The Oxford History of Ancient Egypt, edited by Ian Shaw, 480–89. Oxford: Oxford University Press.",
Upper Egypt,Prehistoric_Egypt,Naqada Culture,EgNaqa3,Narmer,Horus Aha / Meni (Menes),U*,1,U*,-3000,U*,U*,U*,U*,U*,U*,A,U*,,"Clayton believes that Hor-Aha was 'probably' Narmer's son and inherited the unified kingdom of Upper and Lower Egypt from him. He faced some opposition during his reign: early historical sources reveal that he fought campaigns and subdued rebels in Nubia and founded a temple dedicated to the warlike goddess Neith at Sais. Not clear whether these contests occurred during the first 365 days of his reign. NB: following Alan Lloyd, no firm dates for the rulers of Dynasties 0 and 1 due to a lack of evidence. According to Ian Shaw, Dynasty 0 lasted from 3200 to 3000 BCE, and Dynasty 1 from 3000-2890 BCE.","(Clayton 1994, 14, 17-19) Clayton, Peter A. 1994. Chronicle of the Pharaohs: The Reign-by-Reign Record of the Rulers and Dynasties of Ancient Egypt. London: Thames and Hudson. Seshat URL: https://www.zotero.org/groups/seshat_databank/items/itemKey/N9DP44W9 $ (Lloyd 2010) Lloyd, Alan B. 2010. “Chronology.” In A Companion to Ancient Egypt, 1:xxxii – xliii. Chichester: Wiley-Blackwell. Seshat URL: https://www.zotero.org/groups/seshat_databank/items/itemKey/R95E4VDR $ (Shaw 2000) Shaw, Ian. 2000. “Chronology.” In The Oxford History of Ancient Egypt, 480–89. Oxford: Oxford University Press. Seshat URL: https://www.zotero.org/groups/seshat_databank/items/itemKey/48FRNB9P.",
Upper Egypt,Pharaonic_Egypt,New Kingdom,EgNKThu,Ahmose / Nebpehtyra,Amenhotep I / Djeserkara,A,1,-1550,-1525,A,A,A,A,A,A,A,A,,"Ahmose I, first king of the Eighteenth Dynasty, managed to reunite Lower and Upper Egypt, subduing both the Hyksos kings in the north and the Nubians to the south (Clayton 1994, 100-01; Bourriau 2000, 203). He also faced two uprisings within his territory, one led by a non-Egyptian (possibly a Nubian) called Aata and one by an Egyptian called Teti-an, who 'gathered the malcontents to himself' (Bourriau 2000, 203). Both intra-elite conflict and popular uprisings occurred as Ahmose seems to have faced opposition from both ordinary soldiers and those (elites?) faithful to the Hyksos kings. The power transition from Ahmose I to his son Amenhotep I seems to have been peaceful (Bryan 2000, 212-13).","(Shaw 2000) Shaw, Ian. 2000. “Chronology.” In The Oxford History of Ancient Egypt, edited by Ian Shaw, 480–89. Oxford: Oxford University Press. Seshat URL: https://www.zotero.org/groups/seshat_databank/items/itemKey/48FRNB9P $ (Bourriau 2000, 203) Bourriau, Janine. 2000. “The Second Intermediate Period (1650-1550 BC).” In The Oxford History of Ancient Egypt, edited by Ian Shaw, 172–206. Oxford: Oxford University Press. https://books.google.ca/books?hl=en&lr=&id=-9ViUBNEVWkC&oi=fnd&pg=PA172&dq=The+Second+Intermediate+Period+(c.1650-1550+BC)&ots=pKiSTQ1yAj&sig=t3bHALzGVICc6SbP99rrcHzDpUc https://books.google.ca/books?hl=en&lr=&id=-9ViUBNEVWkC&oi=fnd&pg=PA172&dq=The+Second. Seshat URL: https://www.zotero.org/groups/seshat_databank/items/itemKey/A23VN8AF $ (Bryan 2000, 212-13) Bryan, Betsy. 2000. “The Eighteenth Dynasty before the Amarna Period.” In The Oxford History of Ancient Egypt, edited by Ian Shaw, 207–64. Oxford: Oxford University Press. Seshat URL: https://www.zotero.org/groups/seshat_databank/items/itemKey/U3TEMCV5 $ (Clayton 1994, 100-01) Clayton, Peter A. 1994. Chronicle of the Pharaohs: The Reign-by-Reign Record of the Rulers and Dynasties of Ancient Egypt. London: Thames and Hudson. Seshat URL: https://www.zotero.org/groups/seshat_databank/items/itemKey/N9DP44W9.",
Upper Egypt,Pharaonic_Egypt,New Kingdom,EgNKThu,Amenhotep I / Djeserkara,Thutmose I / Aakheperkara,A,1,-1525,-1504,A,A,A,A,A,A,A,A,,"Like his father Ahmose I, Amenhotep I fought military campaigns in Nubia (Bryan 2000, 213). Some of these may have been annexations, but Bryan's (2000, 226) statement about Thutmose II's reign that 'the Egyptian army continued to quell uprisings in Nubia' suggests that Amenhotep I also faced these problems. Amenhotep I 'enjoyed at least a dozen years of peaceful rule' (Bryan 2000, 214). His successor Tuthmose I was not his son but a 'military man' (Clayton 1994, 101), but Bryan writes that 'the succession passed without event to Thutmose I' (Bryan 2000, 220).","(Shaw 2000) Shaw, Ian. 2000. “Chronology.” In The Oxford History of Ancient Egypt, edited by Ian Shaw, 480–89. Oxford: Oxford University Press. Seshat URL: https://www.zotero.org/groups/seshat_databank/items/itemKey/48FRNB9P $ (Bryan 2000, 213-14, 220, 226) Bryan, Betsy. 2000. “The Eighteenth Dynasty before the Amarna Period.” In The Oxford History of Ancient Egypt, edited by Ian Shaw, 207–64. Oxford: Oxford University Press. Seshat URL: https://www.zotero.org/groups/seshat_databank/items/itemKey/U3TEMCV5 $ (Clayton 1994, 101) Clayton, Peter A. 1994. Chronicle of the Pharaohs: The Reign-by-Reign Record of the Rulers and Dynasties of Ancient Egypt. London: Thames and Hudson. Seshat URL: https://www.zotero.org/groups/seshat_databank/items/itemKey/N9DP44W9.",
Upper Egypt,Pharaonic_Egypt,New Kingdom,EgNKThu,Thutmose I / Aakheperkara,Thutmose II / Aakheperenra,A,1,-1504,-1492,A,A,A,A,A,A,A,A,,"Thutmose I was not the son of his predecessor but a 'military man' who 'married into the royal blood line' (Clayton 1994, 101) and became king 'without event' (Bryan 2000, 220). He led a series of successful military campaigns (Clayton 1994, 101). That these included putting down uprisings is suggested by Bryan's (2000, 226) statement that during Thutmose II's reign, 'the Egyptian army continued to quell uprisings in Nubia'. The sources do not specify who may have led these. Thutmose I's two eldest sons died before he did, but the throne passed to his third son Thutmose II, who married his half-sister Hatshepsut to strengthen his claim (Clayton 1994, 102).","(Shaw 2000) Shaw, Ian. 2000. “Chronology.” In The Oxford History of Ancient Egypt, edited by Ian Shaw, 480–89. Oxford: Oxford University Press. Seshat URL: https://www.zotero.org/groups/seshat_databank/items/itemKey/48FRNB9P $ (Bryan 2000, 220, 226) Bryan, Betsy. 2000. “The Eighteenth Dynasty before the Amarna Period.” In The Oxford History of Ancient Egypt, edited by Ian Shaw, 207–64. Oxford: Oxford University Press. Seshat URL: https://www.zotero.org/groups/seshat_databank/items/itemKey/U3TEMCV5 $ (Clayton 1994, 101-02) Clayton, Peter A. 1994. Chronicle of the Pharaohs: The Reign-by-Reign Record of the Rulers and Dynasties of Ancient Egypt. London: Thames and Hudson. Seshat URL: https://www.zotero.org/groups/seshat_databank/items/itemKey/N9DP44W9.",
Upper Egypt,Pharaonic_Egypt,New Kingdom,EgNKThu,Thutmose II / Aakheperenra,Thutmose III / Menkheperra,A,1,-1492,-1479,A,A,A,A,A,A,A,A,,"Thutmose II succeeded his father Thutmose I and strengthened his claim to the throne by marrying Hatshepsut, his half-sister and another daughter of Thutmose I (Clayton 1994, 102). He had a brief reign and faced an uprising in Nubia by the local Kerma dynasts (Bryan 2000, 226-27). Hatshepsut wielded increasing power during his reign (Bryan 2000, 227), and when Thutmose II died, she began a co-regency with his young son by a harem woman called Isis, Thutmose III (Clayton 1994, 102-03). However, in later monuments commissioned by Hatshepsut, she claims that 'Thutmose I had proclaimed her [rather than Thutmose II] as heir before his death' (Bryan 2000, 229), so possibly she was already contesting Thutmose II's reign during his lifetime, or that may have been propaganda to secure her position.","(Shaw 2000) Shaw, Ian. 2000. “Chronology.” In The Oxford History of Ancient Egypt, edited by Ian Shaw, 480–89. Oxford: Oxford University Press. Seshat URL: https://www.zotero.org/groups/seshat_databank/items/itemKey/48FRNB9P $ (Bryan 2000, 226-29) Bryan, Betsy. 2000. “The Eighteenth Dynasty before the Amarna Period.” In The Oxford History of Ancient Egypt, edited by Ian Shaw, 207–64. Oxford: Oxford University Press. Seshat URL: https://www.zotero.org/groups/seshat_databank/items/itemKey/U3TEMCV5 $ (Clayton 1994, 102-04) Clayton, Peter A. 1994. Chronicle of the Pharaohs: The Reign-by-Reign Record of the Rulers and Dynasties of Ancient Egypt. London: Thames and Hudson. Seshat URL: https://www.zotero.org/groups/seshat_databank/items/itemKey/N9DP44W9.",
Upper Egypt,Pharaonic_Egypt,New Kingdom,EgNKThu,Thutmose III / Menkheperra,Queen Hatshepsut / Maatkara,P,1,-1479,-1473,P,A,P,A,A,A,A,A,,"Thutmose III was the son of Thutmose II and a harem woman called Isis (Clayton 1994, 102). He began his reign in co-regency with his stepmother Hatshepsut (Bryan 2000, 228), but by around his seventh regnal year, she 'had her propaganda machine in place and working, and usurped her stepson's position', assuming the title of 'King of Upper and Lower Egypt' (Clayton 1994, 102-05; Morenz and Popko 2010, 110).","(Shaw 2000) Shaw, Ian. 2000. “Chronology.” In The Oxford History of Ancient Egypt, edited by Ian Shaw, 480–89. Oxford: Oxford University Press. Seshat URL: https://www.zotero.org/groups/seshat_databank/items/itemKey/48FRNB9P $ (Bryan 2000, 228) Bryan, Betsy. 2000. “The Eighteenth Dynasty before the Amarna Period.” In The Oxford History of Ancient Egypt, edited by Ian Shaw, 207–64. Oxford: Oxford University Press. Seshat URL: https://www.zotero.org/groups/seshat_databank/items/itemKey/U3TEMCV5 $ (Clayton 1994, 102-05) Clayton, Peter A. 1994. Chronicle of the Pharaohs: The Reign-by-Reign Record of the Rulers and Dynasties of Ancient Egypt. London: Thames and Hudson. Seshat URL: https://www.zotero.org/groups/seshat_databank/items/itemKey/N9DP44W9 $ (Morenz and Popko 2010, 110) Morenz, Ludwig D., and Lutz Popko. 2010. “The Second Intermediate Period and the New Kingdom.” In A Companion to Ancient Egypt, edited by Alan B. Lloyd. Chichester: Wiley-Blackwell. Seshat URL: https://www.zotero.org/groups/seshat_databank/items/itemKey/6TREZMAD.",
Upper Egypt,Pharaonic_Egypt,New Kingdom,EgNKThu,Queen Hatshepsut / Maatkara,Thutmose III / Menkheperra,P*,1,-1473,-1458,P*,P*,P*,A,A,A,A,A,,"Around the seventh year of [Thutmose III's] reign Hatshepsut crowned herself king' (Morenz and Popko 2010, 110). The precise relationship between her and Thutmose III is unclear, but her seizure of power is described as a usurpation by Clayton (1994, 102). During her reign there were some local uprisings in Nubia (Bryan 2000, 234) and Egyptian control in the Levant 'slipped' (Clayton 1994, 108). After she died, Thutmose III once again 'came into his rightful inheritance', and some have even suggested that he may have been involved in her death (Clayton 1994, 107-08).","(Shaw 2000) Shaw, Ian. 2000. “Chronology.” In The Oxford History of Ancient Egypt, edited by Ian Shaw, 480–89. Oxford: Oxford University Press. Seshat URL: https://www.zotero.org/groups/seshat_databank/items/itemKey/48FRNB9P $ (Bryan 2000, 230-34) Bryan, Betsy. 2000. “The Eighteenth Dynasty before the Amarna Period.” In The Oxford History of Ancient Egypt, edited by Ian Shaw, 207–64. Oxford: Oxford University Press. Seshat URL: https://www.zotero.org/groups/seshat_databank/items/itemKey/U3TEMCV5 $ (Clayton 1994, 102, 104-08) Clayton, Peter A. 1994. Chronicle of the Pharaohs: The Reign-by-Reign Record of the Rulers and Dynasties of Ancient Egypt. London: Thames and Hudson. Seshat URL: https://www.zotero.org/groups/seshat_databank/items/itemKey/N9DP44W9 $ (Morenz and Popko 2010, 110) Morenz, Ludwig D., and Lutz Popko. 2010. “The Second Intermediate Period and the New Kingdom.” In A Companion to Ancient Egypt, edited by Alan B. Lloyd. Chichester: Wiley-Blackwell. Seshat URL: https://www.zotero.org/groups/seshat_databank/items/itemKey/6TREZMAD.",
Upper Egypt,Pharaonic_Egypt,New Kingdom,EgNKThu,Thutmose III / Menkheperra,Amenhotep II / Aakheperura,A*,1,-1458,-1425,A,A,A,A,A,A,A,A,,"After Queen Hatshepsut died, Thutmose III once again 'came into his rightful inheritance', and some have even suggested that he may have been involved in her death (Clayton 1994, 107-08). Later on, he smashed many of his stepmother's monuments and the tombs of her courtiers (Clayton 1994, 108), suggesting that there may have been some remaining elite factions who supported the old queen. He also brought local princes in the Levant who had 'transferred their allegiance' from Egypt to the Mitanni Kingdom back under Egyptian control (Clayton 1994, 108). Whether his military expeditions also involved putting down popular uprisings in the Levant is unclear. When Thutmose III died, the throne passed to his son Amenhotep II.","(Shaw 2000) Shaw, Ian. 2000. “Chronology.” In The Oxford History of Ancient Egypt, edited by Ian Shaw, 480–89. Oxford: Oxford University Press. Seshat URL: https://www.zotero.org/groups/seshat_databank/items/itemKey/48FRNB9P $ (Bryan 2000, 235-41) Bryan, Betsy. 2000. “The Eighteenth Dynasty before the Amarna Period.” In The Oxford History of Ancient Egypt, edited by Ian Shaw, 207–64. Oxford: Oxford University Press. Seshat URL: https://www.zotero.org/groups/seshat_databank/items/itemKey/U3TEMCV5 $ (Clayton 1994, 108-11) Clayton, Peter A. 1994. Chronicle of the Pharaohs: The Reign-by-Reign Record of the Rulers and Dynasties of Ancient Egypt. London: Thames and Hudson. Seshat URL: https://www.zotero.org/groups/seshat_databank/items/itemKey/N9DP44W9.",
Upper Egypt,Pharaonic_Egypt,New Kingdom,EgNKThu,Amenhotep II / Aakheperura,Thutmose IV / Menkheperura,U*,1,-1427,-1400,A*,A,U*,U*,A,A,A,A,Thutmose IV usurps throne,"(No evidence for a transition period that was contested. Reign is 27 years. ‘Early’ could be after e.g. 5 years. No evidence overthrown.) Amenhotep II inherited the throne from his father Thutmose III (Clayton 1994, 111-12). Early in his reign, 'the Asiatic cities rose up in revolt', and Amenhotep was able to capture several rebel princes at Tikhsi (Clayton 1994, 112). Bryan (2000, 244) writes that his first Syrian campaign 'concentrated on the defeat of unaligned chiefs and rebellions among recently acquired vassals'. He also continued his father's work of obliterating the memory of Hatshepsut in order to 'eliminate' her family line's claims to the throne (Bryan 2000, 241). There is some doubt about whether his successor Thutmose IV was the legitimate heir; Amenhotep II did not take him into co-regency at the end of his reign, as had become a common practice (Clayton 1994, 113; Bryan 2000, 247)","(Shaw 2000) Shaw, Ian. 2000. “Chronology.” In The Oxford History of Ancient Egypt, edited by Ian Shaw, 480–89. Oxford: Oxford University Press. Seshat URL: https://www.zotero.org/groups/seshat_databank/items/itemKey/48FRNB9P $ (Bryan 2000, 241-47) Bryan, Betsy. 2000. “The Eighteenth Dynasty before the Amarna Period.” In The Oxford History of Ancient Egypt, edited by Ian Shaw, 207–64. Oxford: Oxford University Press. Seshat URL: https://www.zotero.org/groups/seshat_databank/items/itemKey/U3TEMCV5 $ (Clayton 1994, 112-13) Clayton, Peter A. 1994. Chronicle of the Pharaohs: The Reign-by-Reign Record of the Rulers and Dynasties of Ancient Egypt. London: Thames and Hudson. Seshat URL: https://www.zotero.org/groups/seshat_databank/items/itemKey/N9DP44W9.",
Upper Egypt,Pharaonic_Egypt,New Kingdom,EgNKThu,Thutmose IV / Menkheperura,Amenhotep III / Nebmaatra,A,1,-1400,-1390,A,A,A,A,A,A,A,A,,"(Thutmose IV is considered a possible usurper but no evidence Amenhotep II was overthrown.) There is some doubt about whether Thutmose IV was the legitimate heir to Amenhotep II (Clayton 1994, 113; Bryan 2000, 247). Amenhotep did not take him into co-regency at the end of his reign, as had become a common practice (Bryan 2000, 247), so he may have been a usurper. Thutmose IV carried out minor military campaigns in Nubia and Syria (Clayton 1994, 114) and took 'punitive action' against the town of Gezer in Palestine (Bryan 2000, 250). Bryan (2000, 251) also mentions a 'desert police action' against Nubians who were blocking the transport of gold.","(Shaw 2000) Shaw, Ian. 2000. “Chronology.” In The Oxford History of Ancient Egypt, edited by Ian Shaw, 480–89. Oxford: Oxford University Press. Seshat URL: https://www.zotero.org/groups/seshat_databank/items/itemKey/48FRNB9P $ (Bryan 2000, 247-53) Bryan, Betsy. 2000. “The Eighteenth Dynasty before the Amarna Period.” In The Oxford History of Ancient Egypt, edited by Ian Shaw, 207–64. Oxford: Oxford University Press. Seshat URL: https://www.zotero.org/groups/seshat_databank/items/itemKey/U3TEMCV5 $ (Clayton 1994, 113-15) Clayton, Peter A. 1994. Chronicle of the Pharaohs: The Reign-by-Reign Record of the Rulers and Dynasties of Ancient Egypt. London: Thames and Hudson. Seshat URL: https://www.zotero.org/groups/seshat_databank/items/itemKey/N9DP44W9.",
Upper Egypt,Pharaonic_Egypt,New Kingdom,EgNKThu,Amenhotep III / Nebmaatra,Amenhotep IV / Akhenaten / Neferkheperurawaenra,U*,1,-1390,-1352,A,A,U*,U*,A,A,A,A,,"Amenhotep III inherited the throne from his father and enjoyed a 'prosperous and stable' reign, though with some 'minor military activity' (Clayton 1994, 115-16). A rebellion at Ibhet in Nubia was put down by his son Merymose (Clayton 1994, 116). The throne passed to his son Amenhotep IV / Akhenaten on his death (Bryan 2000, 255).","(Shaw 2000) Shaw, Ian. 2000. “Chronology.” In The Oxford History of Ancient Egypt, edited by Ian Shaw, 480–89. Oxford: Oxford University Press. Seshat URL: https://www.zotero.org/groups/seshat_databank/items/itemKey/48FRNB9P $ (Bryan 2000, 253-61) Bryan, Betsy. 2000. “The Eighteenth Dynasty before the Amarna Period.” In The Oxford History of Ancient Egypt, edited by Ian Shaw, 207–64. Oxford: Oxford University Press. Seshat URL: https://www.zotero.org/groups/seshat_databank/items/itemKey/U3TEMCV5 $ (Clayton 1994, 115-19) Clayton, Peter A. 1994. Chronicle of the Pharaohs: The Reign-by-Reign Record of the Rulers and Dynasties of Ancient Egypt. London: Thames and Hudson. Seshat URL: https://www.zotero.org/groups/seshat_databank/items/itemKey/N9DP44W9.",
Upper Egypt,Pharaonic_Egypt,New Kingdom,EgNKThu,Amenhotep IV / Akhenaten / Neferkheperurawaenra,Neferneferuaten / Smenkhkara,U*,1,-1352,-1336,A,A,U*,U*,A,A,A,A,,"Akhenaten inherited the throne from his father Amenhotep III and is famous for moving the capital to Akhetaten (el-Amarna) and venerating Aten, a previously 'minor aspect of the sun god Re-Harakhte', in its own right (Clayton 1994, 120-22). Van Dijk (2000, 269) writes that there 'must have been' opposition to Akhenaten's drastic reforms, especially among the priests of Thebes. He also 'sent his army to quash a rebellion in Nubia in Year 12' of his reign (Van Dijk 2000, 270). There is some disagreement about his successor Smenkhare, who may or may not have (briefly) ruled independently and could have been either his young brother or his wife Nefertiti assuming a masculine throne name (Clayton 1994, 126; Van Dijk 2000, 272).","(Shaw 2000) Shaw, Ian. 2000. “Chronology.” In The Oxford History of Ancient Egypt, edited by Ian Shaw, 480–89. Oxford: Oxford University Press. Seshat URL: https://www.zotero.org/groups/seshat_databank/items/itemKey/48FRNB9P $ (Clayton 1994, 120-26) Clayton, Peter A. 1994. Chronicle of the Pharaohs: The Reign-by-Reign Record of the Rulers and Dynasties of Ancient Egypt. London: Thames and Hudson. Seshat URL: https://www.zotero.org/groups/seshat_databank/items/itemKey/N9DP44W9 $ (Van Dijk 2000, 265-72) Van Dijk, Jacobus. 2000. “The Amarna Period and the Later New Kingdom (1352-1069 BC).” In The Oxford History of Ancient Egypt, edited by I. Shaw, 265–307. Oxford: Oxford University Press. Seshat URL: https://www.zotero.org/groups/seshat_databank/items/itemKey/939MPA2P.",
Upper Egypt,Pharaonic_Egypt,New Kingdom,EgNKThu,Neferneferuaten / Smenkhkara,Tutankhamun / Nebkheperura,P*,1,-1338,-1336,A*,A*,P*,A,A,A,A,A,,"There is some disagreement about Akhenaten's successor Smenkhare, who may or may not have (briefly) ruled independently and could have been either his young brother or his wife Nefertiti assuming a masculine throne name (Clayton 1994, 126; Van Dijk 2000, 272). Clayton (1994, 126) believes his 'two-year reign was in reality a co-regency during the last years of Akhenaten's life'. Either way, Smenkhare does not appear to have been overturned: when he or she died, 'the very young Tutankhaten, the only remaining male member of the royal family, mounted the throne' (Van Dijk 2000, 272).","(Shaw 2000) Shaw, Ian. 2000. “Chronology.” In The Oxford History of Ancient Egypt, edited by Ian Shaw, 480–89. Oxford: Oxford University Press. Seshat URL: https://www.zotero.org/groups/seshat_databank/items/itemKey/48FRNB9P $ (Clayton 1994, 126-27) Clayton, Peter A. 1994. Chronicle of the Pharaohs: The Reign-by-Reign Record of the Rulers and Dynasties of Ancient Egypt. London: Thames and Hudson. Seshat URL: https://www.zotero.org/groups/seshat_databank/items/itemKey/N9DP44W9 $ (Van Dijk 2000, 272) Van Dijk, Jacobus. 2000. “The Amarna Period and the Later New Kingdom (1352-1069 BC).” In The Oxford History of Ancient Egypt, edited by I. Shaw, 265–307. Oxford: Oxford University Press. Seshat URL: https://www.zotero.org/groups/seshat_databank/items/itemKey/939MPA2P.",
Upper Egypt,Pharaonic_Egypt,New Kingdom,EgNKThu,Tutankhamun / Nebkheperura,Ay / Kheperkheperura,P*,1,-1336,-1327,P*,P*,P*,U*,A,A,A,A,,"(Name change suggests attempt at conflict resolution during transition period i.e. ‘change his name or we overthrow him'.) When Smenkhare died, 'the very young Tutankhaten, the only remaining male member of the royal family, mounted the throne' (Van Dijk 2000, 272). Early on, his name was changed to Tutankhamun to signal a return to religious orthodoxy (from -aten, the sun disc, to -amun in reference to the sun god Amun-Ra) and the young king moved from Amarna to the old centre of Memphis (Clayton 1994, 128-29; Van Dijk 2000, 281). That he faced intra-elite conflict is suggested by the Restoration Stele, which describes the chaos that followed Akhenaten's reforms and hints that the army no longer supported these policies (Van Dijk 2000, 282). The army also dealt with rebellions/uprisings in Nubia and Syria during Tutankhamun's reign (Van Dijk 2000, 282). The king died young but it is still not clear how: a sliver of bone found inside his cranium have led some to suspect murder (Clayton 1994, 131). Either way, the accession of Ay, an old counsellor, to the throne seems to have represented an overturn of the agreed line of succession: Tutankhamun's regent and commander-in-chief Horemheb had apparently been given the right to succeed the young king if he died without an heir (Van Dijk 2000, 282-84).","(Shaw 2000) Shaw, Ian. 2000. “Chronology.” In The Oxford History of Ancient Egypt, edited by Ian Shaw, 480–89. Oxford: Oxford University Press. Seshat URL: https://www.zotero.org/groups/seshat_databank/items/itemKey/48FRNB9P $ (Clayton 1994, 128-35) Clayton, Peter A. 1994. Chronicle of the Pharaohs: The Reign-by-Reign Record of the Rulers and Dynasties of Ancient Egypt. London: Thames and Hudson. Seshat URL: https://www.zotero.org/groups/seshat_databank/items/itemKey/N9DP44W9 $ (Van Dijk 2000, 272-84) Van Dijk, Jacobus. 2000. “The Amarna Period and the Later New Kingdom (1352-1069 BC).” In The Oxford History of Ancient Egypt, edited by I. Shaw, 265–307. Oxford: Oxford University Press. Seshat URL: https://www.zotero.org/groups/seshat_databank/items/itemKey/939MPA2P.",
Upper Egypt,Pharaonic_Egypt,New Kingdom,EgNKThu,Ay / Kheperkheperura,Horemheb / Djeserkheperura,P*,1,-1327,-1323,A*,A*,P*,P*,A,A,A,A,,"(If Ay died on the throne he wasn’t overthrown.) The accession of Ay, an old counsellor, to the throne seems to have represented an overturn of the agreed line of succession: Tutankhamun's regent and commander-in-chief Horemheb had apparently been given the right to succeed the young king if he died without an heir (Van Dijk 2000, 282-84). As such, Ay must have faced opposition from the army commander Horemheb and those loyal to him (Van Dijk 2000, 284). During his brief reign, Egypt faced Hittite incursions into its northern territories (Morenz and Popko 2010, 114), but the sources do not mention popular uprisings. Ay died after four years on the throne and his rival Horemheb declared himself king (Clayton 1994, 136; Van Dijk 2000, 284).","(Shaw 2000) Shaw, Ian. 2000. “Chronology.” In The Oxford History of Ancient Egypt, edited by Ian Shaw, 480–89. Oxford: Oxford University Press. Seshat URL: https://www.zotero.org/groups/seshat_databank/items/itemKey/48FRNB9P $ (Clayton 1994, 135-37) Clayton, Peter A. 1994. Chronicle of the Pharaohs: The Reign-by-Reign Record of the Rulers and Dynasties of Ancient Egypt. London: Thames and Hudson. Seshat URL: https://www.zotero.org/groups/seshat_databank/items/itemKey/N9DP44W9 $ (Van Dijk 2000, 282-84) Van Dijk, Jacobus. 2000. “The Amarna Period and the Later New Kingdom (1352-1069 BC).” In The Oxford History of Ancient Egypt, edited by I. Shaw, 265–307. Oxford: Oxford University Press. Seshat URL: https://www.zotero.org/groups/seshat_databank/items/itemKey/939MPA2P $ (Morenz and Popko 2010, 114) Morenz, Ludwig D., and Lutz Popko. 2010. “The Second Intermediate Period and the New Kingdom.” In A Companion to Ancient Egypt, edited by Alan B. Lloyd. Chichester: Wiley-Blackwell. Seshat URL: https://www.zotero.org/groups/seshat_databank/items/itemKey/6TREZMAD.",
Upper Egypt,Pharaonic_Egypt,New Kingdom,EgNKThu,Horemheb / Djeserkheperura,Rameses I / Menpehtyra,A*,1,-1323,-1295,A,A,A,A,A,A,A,A,,"Horemheb was of 'non-royal blood' (Van Dijk 2000, 285) but had served as Tutankhamun's regent and commander-in-chief, and had adopted titles suggesting the right to 'succeed Tutankhamun if he were to die without issue' (Van Dijk 2000, 282). However, Ay had instead managed to accede to the throne and had named an army commander, Nakhtmin, as his heir (Van Dijk 2000, 284). Horemheb evidently succeeded in the face of this opposition. He appointed another non-royal, his vizier Paramessu, as his heir, and when he died Paramessu succeeded him to become Rameses I (Van Dijk 2000, 285-86).","(Shaw 2000) Shaw, Ian. 2000. “Chronology.” In The Oxford History of Ancient Egypt, edited by Ian Shaw, 480–89. Oxford: Oxford University Press. Seshat URL: https://www.zotero.org/groups/seshat_databank/items/itemKey/48FRNB9P $ (Clayton 1994, 137-39) Clayton, Peter A. 1994. Chronicle of the Pharaohs: The Reign-by-Reign Record of the Rulers and Dynasties of Ancient Egypt. London: Thames and Hudson. Seshat URL: https://www.zotero.org/groups/seshat_databank/items/itemKey/N9DP44W9 $ (Van Dijk 2000, 282-86) Van Dijk, Jacobus. 2000. “The Amarna Period and the Later New Kingdom (1352-1069 BC).” In The Oxford History of Ancient Egypt, edited by I. Shaw, 265–307. Oxford: Oxford University Press. Seshat URL: https://www.zotero.org/groups/seshat_databank/items/itemKey/939MPA2P.",
Upper Egypt,Pharaonic_Egypt,New Kingdom,EgNKRam,Rameses I / Menpehtyra,Sety I / Menmaatra,A*,1,-1295,-1294,A*,A*,A*,A*,A,A,A,A,,"King Horemheb appointed a non-royal, his vizier Paramessu, as his heir, and when he died Paramessu succeeded him to become Rameses I, founder of the Nineteenth Dynasty (Van Dijk 2000, 285-86). He had a short reign of only one year and the sources do not mention any contestation of his power or uprisings. He passed the throne to his son Sety I (Clayton 1994, 141).","(Shaw 2000) Shaw, Ian. 2000. “Chronology.” In The Oxford History of Ancient Egypt, edited by Ian Shaw, 480–89. Oxford: Oxford University Press. Seshat URL: https://www.zotero.org/groups/seshat_databank/items/itemKey/48FRNB9P $ (Clayton 1994, 140-41) Clayton, Peter A. 1994. Chronicle of the Pharaohs: The Reign-by-Reign Record of the Rulers and Dynasties of Ancient Egypt. London: Thames and Hudson. Seshat URL: https://www.zotero.org/groups/seshat_databank/items/itemKey/N9DP44W9 $ (Van Dijk 2000, 285-86) Van Dijk, Jacobus. 2000. “The Amarna Period and the Later New Kingdom (1352-1069 BC).” In The Oxford History of Ancient Egypt, edited by I. Shaw, 265–307. Oxford: Oxford University Press. Seshat URL: https://www.zotero.org/groups/seshat_databank/items/itemKey/939MPA2P.",
Upper Egypt,Pharaonic_Egypt,New Kingdom,EgNKRam,Sety I / Menmaatra,Rameses II / Usermaatra Setepenra,A,1,-1294,-1279,A,A,A,A,A,A,A,A,,"Sety I inherited the throne from his father Rameses I (Clayton 1994, 141). He led military campaigns in Nubia and the Levant and faced 'incursions by Libyan tribes' into the western Delta (Van Dijk 2000, 287). Vassals in the Near East switched their allegiance from the Hittites to the Egyptians, then back again (Van Dijk 2000, 287). When Sety died, the throne passed to his son Rameses II (Van Dijk 2000, 288).","(Shaw 2000) Shaw, Ian. 2000. “Chronology.” In The Oxford History of Ancient Egypt, edited by Ian Shaw, 480–89. Oxford: Oxford University Press. Seshat URL: https://www.zotero.org/groups/seshat_databank/items/itemKey/48FRNB9P $ (Clayton 1994, 141-45) Clayton, Peter A. 1994. Chronicle of the Pharaohs: The Reign-by-Reign Record of the Rulers and Dynasties of Ancient Egypt. London: Thames and Hudson. Seshat URL: https://www.zotero.org/groups/seshat_databank/items/itemKey/N9DP44W9 $ (Van Dijk 2000, 286-88) Van Dijk, Jacobus. 2000. “The Amarna Period and the Later New Kingdom (1352-1069 BC).” In The Oxford History of Ancient Egypt, edited by I. Shaw, 265–307. Oxford: Oxford University Press. Seshat URL: https://www.zotero.org/groups/seshat_databank/items/itemKey/939MPA2P.",
Upper Egypt,Pharaonic_Egypt,New Kingdom,EgNKRam,Rameses II / Usermaatra Setepenra,Merenptah / Baenra,A*,1,-1279,-1213,A,A,A,A,A,A*,A,A,,"Rameses II inherited the throne from his father Sety I (Clayton 1994, 146-47). In Year 4 of his reign, he faced a 'revolt in the Levant' (Clayton 1994, 147). On his death, his son and proclaimed heir Merneptah became pharaoh (Clayton 1994, 155-56).","(Shaw 2000) Shaw, Ian. 2000. “Chronology.” In The Oxford History of Ancient Egypt, edited by Ian Shaw, 480–89. Oxford: Oxford University Press. Seshat URL: https://www.zotero.org/groups/seshat_databank/items/itemKey/48FRNB9P $ (Clayton 1994, 145-56) Clayton, Peter A. 1994. Chronicle of the Pharaohs: The Reign-by-Reign Record of the Rulers and Dynasties of Ancient Egypt. London: Thames and Hudson. Seshat URL: https://www.zotero.org/groups/seshat_databank/items/itemKey/N9DP44W9 $ (Van Dijk 2000, 288-95) Van Dijk, Jacobus. 2000. “The Amarna Period and the Later New Kingdom (1352-1069 BC).” In The Oxford History of Ancient Egypt, edited by I. Shaw, 265–307. Oxford: Oxford University Press. Seshat URL: https://www.zotero.org/groups/seshat_databank/items/itemKey/939MPA2P.",
Upper Egypt,Pharaonic_Egypt,New Kingdom,EgNKRam,Merenptah / Baenra,Amenmessu / Menmira,P,1,-1213,-1203,A,A,P,P,U*,A,A,A,Succession to Merenptah,"Merneptah was the chosen heir of his father Rameses II (Clayton 1994, 155-57). He faced 'a ""flash"" revolt in southern Syria' as well as rebellions in Nubia and the 'western oases' (Clayton 1994, 157). When he died, his chosen heir Seti-Merneptah did not ascend to the throne; instead, struggles over the succession broke out and 'an unknown, Amenmesses, became king' (Clayton 1994, 158; Van Dijk 2000, 295).","(Shaw 2000) Shaw, Ian. 2000. “Chronology.” In The Oxford History of Ancient Egypt, edited by Ian Shaw, 480–89. Oxford: Oxford University Press. Seshat URL: https://www.zotero.org/groups/seshat_databank/items/itemKey/48FRNB9P $ (Clayton 1994, 156-58) Clayton, Peter A. 1994. Chronicle of the Pharaohs: The Reign-by-Reign Record of the Rulers and Dynasties of Ancient Egypt. London: Thames and Hudson. Seshat URL: https://www.zotero.org/groups/seshat_databank/items/itemKey/N9DP44W9 $ (Van Dijk 2000, 294-96) Van Dijk, Jacobus. 2000. “The Amarna Period and the Later New Kingdom (1352-1069 BC).” In The Oxford History of Ancient Egypt, edited by I. Shaw, 265–307. Oxford: Oxford University Press. Seshat URL: https://www.zotero.org/groups/seshat_databank/items/itemKey/939MPA2P.",
Upper Egypt,Pharaonic_Egypt,New Kingdom,EgNKRam,Amenmessu / Menmira,Sety II / Userkheperura Setepenra,U*,1,-1203,-1200,A;P,U*,U*,U*,U*,A*,A,A*,,"Amenmessu's exact origins are unclear but he was a usurper, not Merenptah's appointed heir, and may have been a 'lesser prince' (Clayton 1994, 158). The sources do not mention an assassination, but on Amenmessu's death the throne reverted to Seti II, probably 'the previously ousted Crown Prince', who erased the usurper's name from several monuments (Clayton 1994, 158).","(Shaw 2000) Shaw, Ian. 2000. “Chronology.” In The Oxford History of Ancient Egypt, edited by Ian Shaw, 480–89. Oxford: Oxford University Press. Seshat URL: https://www.zotero.org/groups/seshat_databank/items/itemKey/48FRNB9P $ (Clayton 1994, 158) Clayton, Peter A. 1994. Chronicle of the Pharaohs: The Reign-by-Reign Record of the Rulers and Dynasties of Ancient Egypt. London: Thames and Hudson. Seshat URL: https://www.zotero.org/groups/seshat_databank/items/itemKey/N9DP44W9 $ (Van Dijk 2000, 294-96) Van Dijk, Jacobus. 2000. “The Amarna Period and the Later New Kingdom (1352-1069 BC).” In The Oxford History of Ancient Egypt, edited by I. Shaw, 265–307. Oxford: Oxford University Press. Seshat URL: https://www.zotero.org/groups/seshat_databank/items/itemKey/939MPA2P.",
Upper Egypt,Pharaonic_Egypt,New Kingdom,EgNKRam,Sety II / Userkheperura Setepenra,Saptah / Akehnrasetepenra,A,1,-1200,-1194,A,A,A,A,A,A,A,A,,"Seti II, probably the eldest son and crown prince of Merneptah, ascended to the throne after the usurper Amenmessu died and erased his predecessor's cartouches from several monuments (Clayton 1994, 158; Van Dijk 2000, 295-96). Morenz and Popko (2010, 117) comment that '[i]n the succession of Merneptah we can observe two rival lineages competing for power'. When he died, the kingship passed to his only son Saptah (Van Dijk 2000, 296).","(Shaw 2000) Shaw, Ian. 2000. “Chronology.” In The Oxford History of Ancient Egypt, edited by Ian Shaw, 480–89. Oxford: Oxford University Press. Seshat URL: https://www.zotero.org/groups/seshat_databank/items/itemKey/48FRNB9P $ (Clayton 1994, 158-59) Clayton, Peter A. 1994. Chronicle of the Pharaohs: The Reign-by-Reign Record of the Rulers and Dynasties of Ancient Egypt. London: Thames and Hudson. Seshat URL: https://www.zotero.org/groups/seshat_databank/items/itemKey/N9DP44W9 $ (Van Dijk 2000, 294-96) Van Dijk, Jacobus. 2000. “The Amarna Period and the Later New Kingdom (1352-1069 BC).” In The Oxford History of Ancient Egypt, edited by I. Shaw, 265–307. Oxford: Oxford University Press. Seshat URL: https://www.zotero.org/groups/seshat_databank/items/itemKey/939MPA2P $ (Morenz and Popko 2010, 117) Morenz, Ludwig D., and Lutz Popko. 2010. “The Second Intermediate Period and the New Kingdom.” In A Companion to Ancient Egypt, edited by Alan B. Lloyd. Chichester: Wiley-Blackwell. Seshat URL: https://www.zotero.org/groups/seshat_databank/items/itemKey/6TREZMAD.",
Upper Egypt,Pharaonic_Egypt,New Kingdom,EgNKRam,Saptah / Akehnrasetepenra,Queen Tausret / Sitrameritamun,U*,1,-1194,-1188,A;P,U*,U*,U*,U*,A*,A,A*,,"Saptah was the only son of Seti II (Van Dijk 2000, 296). Because he was young when his father died, he ruled in combination with his stepmother, Sety's chief queen Tausret, and a Syrian official called Bay (Van Dijk 2000, 296). However, Bay was executed in Year 5 of Saptah's reign, and Morenz and Popko (2010, 117) comment that '[i]n the succession of Merneptah we can observe two rival lineages competing for power'. Saptah died in Year 6 of his reign and Queen Tausret began to use the full pharaonic titles (Clayton 1994, 159). It was unusual for a woman to become pharaoh and the throne did not pass to a son of Saptah - this may suggest an overthrow.","(Shaw 2000) Shaw, Ian. 2000. “Chronology.” In The Oxford History of Ancient Egypt, edited by Ian Shaw, 480–89. Oxford: Oxford University Press. Seshat URL: https://www.zotero.org/groups/seshat_databank/items/itemKey/48FRNB9P $ (Clayton 1994, 158-59) Clayton, Peter A. 1994. Chronicle of the Pharaohs: The Reign-by-Reign Record of the Rulers and Dynasties of Ancient Egypt. London: Thames and Hudson. Seshat URL: https://www.zotero.org/groups/seshat_databank/items/itemKey/N9DP44W9 $ (Van Dijk 2000, 294-96) Van Dijk, Jacobus. 2000. “The Amarna Period and the Later New Kingdom (1352-1069 BC).” In The Oxford History of Ancient Egypt, edited by I. Shaw, 265–307. Oxford: Oxford University Press. Seshat URL: https://www.zotero.org/groups/seshat_databank/items/itemKey/939MPA2P $ (Morenz and Popko 2010, 117) Morenz, Ludwig D., and Lutz Popko. 2010. “The Second Intermediate Period and the New Kingdom.” In A Companion to Ancient Egypt, edited by Alan B. Lloyd. Chichester: Wiley-Blackwell. Seshat URL: https://www.zotero.org/groups/seshat_databank/items/itemKey/6TREZMAD.",
Upper Egypt,Pharaonic_Egypt,New Kingdom,EgNKRam,Queen Tausret / Sitrameritamun,Sethnakht / Userkhaura Meryamun,P*,1,-1188,-1186,A,U*,U*,U*,U*,U*,A,A*,Disorder before accession of 20th Dynasty Egypt,"When her stepson Saptah died in Year 6 of his reign, Queen Tausret, who had been acting as regent, assumed the full pharaonic titles (Clayton 1994, 159). Tausret's effective co-ruler, the Syrian chancellor Bay, was executed in Year 5 of Saptah's reign, and Morenz and Popko (2010, 117) comment that '[i]n the succession of Merneptah we can observe two rival lineages competing for power'. After her death there may or may not have been a 'short period of anarchy' (Clayton 1994, 160; Van Dijk 2000, 296). Her eventual successor, Setnakhte, did not claim ancestry from Tausret, claiming instead to be chosen by the gods, and is considered the founder of the Twentieth Dynasty (Van Dijk 2000, 296-97). He described himself as putting down rebellions, but it is not clear whether these began before or after Tausret's death.","(Shaw 2000) Shaw, Ian. 2000. “Chronology.” In The Oxford History of Ancient Egypt, edited by Ian Shaw, 480–89. Oxford: Oxford University Press. Seshat URL: https://www.zotero.org/groups/seshat_databank/items/itemKey/48FRNB9P $ (Clayton 1994, 158-60) Clayton, Peter A. 1994. Chronicle of the Pharaohs: The Reign-by-Reign Record of the Rulers and Dynasties of Ancient Egypt. London: Thames and Hudson. Seshat URL: https://www.zotero.org/groups/seshat_databank/items/itemKey/N9DP44W9 $ (Van Dijk 2000, 295-97) Van Dijk, Jacobus. 2000. “The Amarna Period and the Later New Kingdom (1352-1069 BC).” In The Oxford History of Ancient Egypt, edited by I. Shaw, 265–307. Oxford: Oxford University Press. Seshat URL: https://www.zotero.org/groups/seshat_databank/items/itemKey/939MPA2P $ (Morenz and Popko 2010, 117) Morenz, Ludwig D., and Lutz Popko. 2010. “The Second Intermediate Period and the New Kingdom.” In A Companion to Ancient Egypt, edited by Alan B. Lloyd. Chichester: Wiley-Blackwell. Seshat URL: https://www.zotero.org/groups/seshat_databank/items/itemKey/6TREZMAD.",
Upper Egypt,Pharaonic_Egypt,New Kingdom,EgNKRam,Sethnakht / Userkhaura Meryamun,Rameses III / Usermaatra Meryamun,A*,1,-1186,-1184,A,A,A,A,A,A,A,A,,"Sethnakht's precise origins are unknown (Clayton 1994, 160). He portrayed himself on a stele at Elephantine as restoring order after the period of chaos following Tausret's death, expelling rebels and an 'upstart' Syrian who had attempted to seize power (Clayton 1994, 160-61; Van Dijk 2000, 296). He managed to pass the throne to his son Rameses III (Clayton 1994, 161).","(Shaw 2000) Shaw, Ian. 2000. “Chronology.” In The Oxford History of Ancient Egypt, edited by Ian Shaw, 480–89. Oxford: Oxford University Press. Seshat URL: https://www.zotero.org/groups/seshat_databank/items/itemKey/48FRNB9P $ (Clayton 1994, 159-60) Clayton, Peter A. 1994. Chronicle of the Pharaohs: The Reign-by-Reign Record of the Rulers and Dynasties of Ancient Egypt. London: Thames and Hudson. Seshat URL: https://www.zotero.org/groups/seshat_databank/items/itemKey/N9DP44W9 $ (Van Dijk 2000, 296-97) Van Dijk, Jacobus. 2000. “The Amarna Period and the Later New Kingdom (1352-1069 BC).” In The Oxford History of Ancient Egypt, edited by I. Shaw, 265–307. Oxford: Oxford University Press. Seshat URL: https://www.zotero.org/groups/seshat_databank/items/itemKey/939MPA2P.",
Upper Egypt,Pharaonic_Egypt,New Kingdom,EgNKRam,Rameses III / Usermaatra Meryamun,Rameses IV / Heqamaatra Setepenamun,P*,1,-1184,-1153,P*,P*,P*,U*,A,A,A,A*,Harem Conspiracy,"Rameses III faced incursions from Libyan and other tribes from the west as well as a large-scale invasion by the 'Sea Peoples' from across the Mediterranean and Near East (Clayton 1994, 160-61). His reign saw 'the first recorded organized strikes in history', by unpaid workmen at Deir el-Medina (Van Dijk 2000, 298). The Harem Conspiracy Papyrus also details a palace plot to kill Rameses III and incite a revolt outside the palace (Clayton 1994, 164-65). Previously it was thought that the king survived the coup or died during the judicial proceedings against the conspirators (Van Dijk 2000, 299; Clayton 1994, 165), but a recent examination of his mummy found that his throat had been cut (Hawass et al. 2012). Rameses III's successor Rameses IV was his son and crown prince (Clayton 1994, 165-66; Van Dijk 2000, 299).","(Shaw 2000) Shaw, Ian. 2000. “Chronology.” In The Oxford History of Ancient Egypt, edited by Ian Shaw, 480–89. Oxford: Oxford University Press. Seshat URL: https://www.zotero.org/groups/seshat_databank/items/itemKey/48FRNB9P $ (Clayton 1994, 160-66) Clayton, Peter A. 1994. Chronicle of the Pharaohs: The Reign-by-Reign Record of the Rulers and Dynasties of Ancient Egypt. London: Thames and Hudson. Seshat URL: https://www.zotero.org/groups/seshat_databank/items/itemKey/N9DP44W9 $ (Van Dijk 2000, 296-99) Van Dijk, Jacobus. 2000. “The Amarna Period and the Later New Kingdom (1352-1069 BC).” In The Oxford History of Ancient Egypt, edited by I. Shaw, 265–307. Oxford: Oxford University Press. Seshat URL: https://www.zotero.org/groups/seshat_databank/items/itemKey/939MPA2P $ (Hawass et al. 2012) Hawass, Zahi, Somaia Ismail, Ashraf Selim, Sahar N. Saleem, Dina Fathalla, Sally Wasef, Ahmed Z. Gad, et al. 2012. “Revisiting the Harem Conspiracy and Death of Ramesses III: Anthropological, Forensic, Radiological, and Genetic Study.” BMJ 345: e8268. doi:10.1136/bmj.e8268. Seshat URL: https://www.zotero.org/groups/seshat_databank/items/itemKey/C82XT7RH.",
Upper Egypt,Pharaonic_Egypt,New Kingdom,EgNKRam,Rameses IV / Heqamaatra Setepenamun,Rameses V / Usermaatra Sekheperenra,A*,1,-1153,-1147,A,A,A,A,A*,A,A,A,,"Rameses IV was the fifth son and crown prince of Rameses III (Van Dijk 2000, 299). During his reign, the influence of the high priests at Thebes grew (Van Dijk 2000, 300). There may have been trouble at Deir el-Medina due to late deliveries of 'basic commodities' (Van Dijk 2000, 300). Around 2000 soldiers accompanied a quarrying expedition, 'indicative of the amount of policing of the workforce required rather than any defence against attack' (Clayton 1994, 167). When Rameses IV died, the throne passed to either his son (Van Dijk 2000, 300) or brother (Clayton 1994, 167), Rameses V.","(Shaw 2000) Shaw, Ian. 2000. “Chronology.” In The Oxford History of Ancient Egypt, edited by Ian Shaw, 480–89. Oxford: Oxford University Press. Seshat URL: https://www.zotero.org/groups/seshat_databank/items/itemKey/48FRNB9P $ (Clayton 1994, 166-67) Clayton, Peter A. 1994. Chronicle of the Pharaohs: The Reign-by-Reign Record of the Rulers and Dynasties of Ancient Egypt. London: Thames and Hudson. Seshat URL: https://www.zotero.org/groups/seshat_databank/items/itemKey/N9DP44W9 $ (Van Dijk 2000, 299-300) Van Dijk, Jacobus. 2000. “The Amarna Period and the Later New Kingdom (1352-1069 BC).” In The Oxford History of Ancient Egypt, edited by I. Shaw, 265–307. Oxford: Oxford University Press. Seshat URL: https://www.zotero.org/groups/seshat_databank/items/itemKey/939MPA2P.",
Upper Egypt,Pharaonic_Egypt,New Kingdom,EgNKRam,Rameses V / Usermaatra Sekheperenra,Rameses VI / Nebmaatra Meryamun,P*,1,-1147,-1143,A;P,U*,A;P,U*,U*,A,A,A,,"When Rameses IV died, the throne passed to either his son (Van Dijk 2000, 300) or brother (Clayton 1994, 167), Rameses V. He faced a 'civil war' and workmen stopped digging his tomb (Clayton 1994, 167). During this time, the influence of the Theban priests was also growing and high priestly offices were becoming hereditary (Van Dijk 2000, 300), hinting at intra-elite conflict. Clayton (1994, 167) suggests that Rameses V could have been 'usurped by his brother', Rameses VI, but Van Dijk (2000, 300-01) makes no reference to this possibility, saying only that Rameses V died young of smallpox and that the succession may have been 'accompanied by civil unrest'.","(Shaw 2000) Shaw, Ian. 2000. “Chronology.” In The Oxford History of Ancient Egypt, edited by Ian Shaw, 480–89. Oxford: Oxford University Press. Seshat URL: https://www.zotero.org/groups/seshat_databank/items/itemKey/48FRNB9P $ (Clayton 1994, 166-68) Clayton, Peter A. 1994. Chronicle of the Pharaohs: The Reign-by-Reign Record of the Rulers and Dynasties of Ancient Egypt. London: Thames and Hudson. Seshat URL: https://www.zotero.org/groups/seshat_databank/items/itemKey/N9DP44W9 $ (Van Dijk 2000, 300-301) Van Dijk, Jacobus. 2000. “The Amarna Period and the Later New Kingdom (1352-1069 BC).” In The Oxford History of Ancient Egypt, edited by I. Shaw, 265–307. Oxford: Oxford University Press. Seshat URL: https://www.zotero.org/groups/seshat_databank/items/itemKey/939MPA2P.",
Upper Egypt,Pharaonic_Egypt,New Kingdom,EgNKRam,Rameses VI / Nebmaatra Meryamun,Rameses VII / Usermaatra Setepenra Meryamun,U*,1,-1143,-1136,A,A,U*,U*,U*,U*,A,A,,"Clayton (1994, 167) suggests that Rameses V could have been 'usurped by his brother', Rameses VI, but Van Dijk (2000, 300-01) makes no reference to this possibility, saying only that Rameses V died young of smallpox and that the succession may have been 'accompanied by civil unrest'. Libyans caused trouble for the king around the area of Deir el-Medina (Van Dijk 2000, 300-01). Rameses VI was succeeded by his son Rameses VII (Clayton 1994, 168).","(Shaw 2000) Shaw, Ian. 2000. “Chronology.” In The Oxford History of Ancient Egypt, edited by Ian Shaw, 480–89. Oxford: Oxford University Press. Seshat URL: https://www.zotero.org/groups/seshat_databank/items/itemKey/48FRNB9P $ (Clayton 1994, 167-68) Clayton, Peter A. 1994. Chronicle of the Pharaohs: The Reign-by-Reign Record of the Rulers and Dynasties of Ancient Egypt. London: Thames and Hudson. Seshat URL: https://www.zotero.org/groups/seshat_databank/items/itemKey/N9DP44W9 $ (Van Dijk 2000, 300-301) Van Dijk, Jacobus. 2000. “The Amarna Period and the Later New Kingdom (1352-1069 BC).” In The Oxford History of Ancient Egypt, edited by I. Shaw, 265–307. Oxford: Oxford University Press. Seshat URL: https://www.zotero.org/groups/seshat_databank/items/itemKey/939MPA2P.",
Upper Egypt,Pharaonic_Egypt,New Kingdom,EgNKRam,Rameses VII / Usermaatra Setepenra Meryamun,Rameses VIII / Usermaatra Akhenamun,U*,1,-1136,-1129,A;P,U*,U*,U*,U*,U*,A,A,,"Rameses VII succeeded his father Rameses VI (Clayton 1994, 168). During his reign, 'Egypt was economically unstable and prices soared ... Everywhere there was unrest' (Clayton 1994, 168-69). Rameses VII's successor Rameses VIII was not his son but 'a son of Rameses III', which Clayton (2000, 169) interprets as a possible sign of 'a continuing problem of the rightful succession'.","(Shaw 2000) Shaw, Ian. 2000. “Chronology.” In The Oxford History of Ancient Egypt, edited by Ian Shaw, 480–89. Oxford: Oxford University Press. Seshat URL: https://www.zotero.org/groups/seshat_databank/items/itemKey/48FRNB9P $ (Clayton 1994, 168-69) Clayton, Peter A. 1994. Chronicle of the Pharaohs: The Reign-by-Reign Record of the Rulers and Dynasties of Ancient Egypt. London: Thames and Hudson. Seshat URL: https://www.zotero.org/groups/seshat_databank/items/itemKey/N9DP44W9 $ (Van Dijk 2000, 301) Van Dijk, Jacobus. 2000. “The Amarna Period and the Later New Kingdom (1352-1069 BC).” In The Oxford History of Ancient Egypt, edited by I. Shaw, 265–307. Oxford: Oxford University Press. Seshat URL: https://www.zotero.org/groups/seshat_databank/items/itemKey/939MPA2P.",
Upper Egypt,Pharaonic_Egypt,New Kingdom,EgNKRam,Rameses VIII / Usermaatra Akhenamun,Rameses IX / Neferkara Setepenra,P*,1,-1129,-1126,P*,P*,P*,U*,U*,U*,A,A,,"Rameses VII's successor Rameses VIII was not his son but 'a son of Rameses III', which Clayton (2000, 169) interprets as a possible sign of 'a continuing problem of the rightful succession'. Rameses VIII probably only reigned for a year and his relationship to his successor is unclear (Clayton 1994, 169; Van Dijk 2000, 301).","(Shaw 2000) Shaw, Ian. 2000. “Chronology.” In The Oxford History of Ancient Egypt, edited by Ian Shaw, 480–89. Oxford: Oxford University Press. Seshat URL: https://www.zotero.org/groups/seshat_databank/items/itemKey/48FRNB9P $ (Clayton 1994, 168-69) Clayton, Peter A. 1994. Chronicle of the Pharaohs: The Reign-by-Reign Record of the Rulers and Dynasties of Ancient Egypt. London: Thames and Hudson. Seshat URL: https://www.zotero.org/groups/seshat_databank/items/itemKey/N9DP44W9 $ (Van Dijk 2000, 301) Van Dijk, Jacobus. 2000. “The Amarna Period and the Later New Kingdom (1352-1069 BC).” In The Oxford History of Ancient Egypt, edited by I. Shaw, 265–307. Oxford: Oxford University Press. Seshat URL: https://www.zotero.org/groups/seshat_databank/items/itemKey/939MPA2P.",
Upper Egypt,Pharaonic_Egypt,New Kingdom,EgNKRam,Rameses IX / Neferkara Setepenra,Rameses X / Khepermaatra Setepenra,U*,1,-1126,-1108,U*,U*,U*,U*,U*,U*,A*,U*,,"Rameses IX's relationships to his predecessor and his successor are unclear (Van Dijk 2000, 301). During his reign, the Theban High Priests of Amun 'were increasingly able to assert their own power in Upper Egypt and to sow the seeds of the final insurrection to come during the 21st Dynasty' (Clayton 1994, 169-70). He also faced incursions from Libyan nomads and strikes among the population (Van Dijk 2000, 301)","(Shaw 2000) Shaw, Ian. 2000. “Chronology.” In The Oxford History of Ancient Egypt, edited by Ian Shaw, 480–89. Oxford: Oxford University Press. Seshat URL: https://www.zotero.org/groups/seshat_databank/items/itemKey/48FRNB9P $ (Clayton 1994, 169-70) Clayton, Peter A. 1994. Chronicle of the Pharaohs: The Reign-by-Reign Record of the Rulers and Dynasties of Ancient Egypt. London: Thames and Hudson. Seshat URL: https://www.zotero.org/groups/seshat_databank/items/itemKey/N9DP44W9 $ (Van Dijk 2000, 301) Van Dijk, Jacobus. 2000. “The Amarna Period and the Later New Kingdom (1352-1069 BC).” In The Oxford History of Ancient Egypt, edited by I. Shaw, 265–307. Oxford: Oxford University Press. Seshat URL: https://www.zotero.org/groups/seshat_databank/items/itemKey/939MPA2P.",
Upper Egypt,Pharaonic_Egypt,New Kingdom,EgNKRam,Rameses X / Khepermaatra Setepenra,Rameses XI / Menmaatra Setepenptah,U*,1,-1108,-1099,U*,U*,U*,U*,U*,U*,A*,U*,,"Rameses X's relationship to his predecessor is unclear and 'almost nothing' is known about his reign (Van Dijk 2000, 301). We do know that during this period the power of the High Priests of Amun at Thebes was increasing, and during Rameses IX's reign they may even have reached a level of 'virtual equality' with the pharaoh (Van Dijk 2000, 301). It seems likely that civil unrest and workers' strikes were still a problem, as they were in Rameses XI's reign, but the consulted sources do not mention this.","(Shaw 2000) Shaw, Ian. 2000. “Chronology.” In The Oxford History of Ancient Egypt, edited by Ian Shaw, 480–89. Oxford: Oxford University Press. Seshat URL: https://www.zotero.org/groups/seshat_databank/items/itemKey/48FRNB9P $ (Clayton 1994, 169-70) Clayton, Peter A. 1994. Chronicle of the Pharaohs: The Reign-by-Reign Record of the Rulers and Dynasties of Ancient Egypt. London: Thames and Hudson. Seshat URL: https://www.zotero.org/groups/seshat_databank/items/itemKey/N9DP44W9 $ (Van Dijk 2000, 301) Van Dijk, Jacobus. 2000. “The Amarna Period and the Later New Kingdom (1352-1069 BC).” In The Oxford History of Ancient Egypt, edited by I. Shaw, 265–307. Oxford: Oxford University Press. Seshat URL: https://www.zotero.org/groups/seshat_databank/items/itemKey/939MPA2P.",
Upper Egypt,Pharaonic_Egypt,New Kingdom,EgNKRam,Rameses XI / Menmaatra Setepenptah,Ptolemy I Soter,P,1,-1099,-1069,A,A,U*,U*,U*,U*,A*,U*,,"(No evidence presented that this king, based in Delta region of Egypt, was overthrown. 30-year-reign may suggest he died of natural causes and the state then broke up.) Rameses XI faced many problems: the High Priests of Amun at Thebes became virtually independent, famine struck, civil war broke out and the viceroy of Nubia (Panehsy) mounted a rebellion (Van Dijk 2000, 301-02). In Thebes, Herihor and his successor Piankh began to act as both High Priest of Amun and vizier, marking Upper Egypt's independence from Ramessid rule (Clayton 1994, 175-76). In the north, the accession of Smendes marked the start of the 21st Dynasty (Clayton 1994, 178).","(Shaw 2000) Shaw, Ian. 2000. “Chronology.” In The Oxford History of Ancient Egypt, edited by Ian Shaw, 480–89. Oxford: Oxford University Press. Seshat URL: https://www.zotero.org/groups/seshat_databank/items/itemKey/48FRNB9P $ (Clayton 1994, 170-75) Clayton, Peter A. 1994. Chronicle of the Pharaohs: The Reign-by-Reign Record of the Rulers and Dynasties of Ancient Egypt. London: Thames and Hudson. Seshat URL: https://www.zotero.org/groups/seshat_databank/items/itemKey/N9DP44W9 $ (Van Dijk 2000, 301-03) Van Dijk, Jacobus. 2000. “The Amarna Period and the Later New Kingdom (1352-1069 BC).” In The Oxford History of Ancient Egypt, edited by I. Shaw, 265–307. Oxford: Oxford University Press. Seshat URL: https://www.zotero.org/groups/seshat_databank/items/itemKey/939MPA2P.",
Upper Egypt,Pharaonic_Egypt,Old Kingdom,EgOldK1,Nebka / Horus Sanakht,Djoser / Horus Netjerykhet,U*,1,-2686,-2667,U*,U*,U*,U*,U*,U*,A,U*,,"Nebka, or Sanakhte, was the first king of the Third Dynasty, but little is known about his reign. Clayton (1994, 32) speculates that he may have come to power peacefully through a marriage alliance with a daughter of the last Second-Dynasty king. However, while on the throne he faced 'internal political problems' (Clayton 1994, 32).","(Lloyd 2010, xxxiii) Lloyd, Alan B. 2010. “Chronology.” In A Companion to Ancient Egypt, edited by Alan B. Lloyd, 1:xxxii – xliii. Chichester: Wiley-Blackwell. Seshat URL: https://www.zotero.org/groups/seshat_databank/items/itemKey/R95E4VDR $ (Morby and Rozier 2014) Morby, John E., and Charlie Rozier. 2014. Dynasties of the World. 2nd ed., online edition. Oxford: Oxford University Press. DOI: 10.1093/acref/9780191780073.001.0001. Seshat URL: https://www.zotero.org/groups/seshat_databank/items/itemKey/3C5IVS6E $ (Clayton 1994, 32) Clayton, Peter A. 1994. Chronicle of the Pharaohs: The Reign-by-Reign Record of the Rulers and Dynasties of Ancient Egypt. London: Thames and Hudson. Seshat URL: https://www.zotero.org/groups/seshat_databank/items/itemKey/N9DP44W9.",
Upper Egypt,Pharaonic_Egypt,Old Kingdom,EgOldK1,Djoser / Horus Netjerykhet,Djoser Teti / Horus Sekhemkhet,U*,1,-2667,-2648,U*,U*,U*,U*,U*,U*,A,U*,,"Djoser, who may have been Nebka's brother, was responsible for the construction of the first Egyptian pyramid (Clayton 1994, 32-33). The monumental construction that took place during his relatively short reign testifies to his authority, but like his predecessor he 'faced internal political problems' (Clayton 1994, 32). It seems that historians lack any detailed information on contestations during his reign.","(Lloyd 2010, xxxiii) Lloyd, Alan B. 2010. “Chronology.” In A Companion to Ancient Egypt, edited by Alan B. Lloyd, 1:xxxii – xliii. Chichester: Wiley-Blackwell. Seshat URL: https://www.zotero.org/groups/seshat_databank/items/itemKey/R95E4VDR $ (Morby and Rozier 2014) Morby, John E., and Charlie Rozier. 2014. Dynasties of the World. 2nd ed., online edition. Oxford: Oxford University Press. DOI: 10.1093/acref/9780191780073.001.0001. Seshat URL: https://www.zotero.org/groups/seshat_databank/items/itemKey/3C5IVS6E $ (Baud 2010, 63) Baud, Michel. 2010. “The Old Kingdom.” In A Companion to Ancient Egypt, edited by Alan B. Lloyd, 1:63–80. Chichester: Wiley-Blackwell. Seshat URL: https://www.zotero.org/groups/seshat_databank/items/itemKey/HEHUKZFF $ (Clayton 1994, 32-37) Clayton, Peter A. 1994. Chronicle of the Pharaohs: The Reign-by-Reign Record of the Rulers and Dynasties of Ancient Egypt. London: Thames and Hudson. Seshat URL: https://www.zotero.org/groups/seshat_databank/items/itemKey/N9DP44W9 $ (Baud 2010) Baud, Michel. 2010. “The Old Kingdom.” In A Companion to Ancient Egypt, edited by Alan B. Lloyd, 1:63–80. Chichester: Wiley-Blackwell. Seshat URL: https://www.zotero.org/groups/seshat_databank/items/itemKey/HEHUKZFF $ (Malek 2000, 87) Malek, Jaromir. 2000. “The Old Kingdom (2686-2160 BC).” In The Oxford History of Ancient Egypt, edited by Ian Shaw, 83–107. Oxford: Oxford University Press. Seshat URL: https://www.zotero.org/groups/seshat_databank/items/itemKey/6AME4SP6.",
Upper Egypt,Pharaonic_Egypt,Old Kingdom,EgOldK1,Djoser Teti / Horus Sekhemkhet,Horus Khaba,U*,1,-2648,-2640,U*,U*,U*,U*,U*,U*,A,U*,,"Sekhemkhet left an unfinished pyramid at Saqqara (Clayton 1994, 38-39) and is known from rock reliefs left by Egyptian military expeditions in the Western Sinai (Baud 2010, 72), but it appears that the details of his accession and reign are unknown (Malek 2000, 87).","(Lloyd 2010, xxxiv) Lloyd, Alan B. 2010. “Chronology.” In A Companion to Ancient Egypt, edited by Alan B. Lloyd, 1:xxxii – xliii. Chichester: Wiley-Blackwell. Seshat URL: https://www.zotero.org/groups/seshat_databank/items/itemKey/R95E4VDR $ (Morby and Rozier 2014) Morby, John E., and Charlie Rozier. 2014. Dynasties of the World. 2nd ed., online edition. Oxford: Oxford University Press. DOI: 10.1093/acref/9780191780073.001.0001. Seshat URL: https://www.zotero.org/groups/seshat_databank/items/itemKey/3C5IVS6E $ (Clayton 1994, 14, 38-40) Clayton, Peter A. 1994. Chronicle of the Pharaohs: The Reign-by-Reign Record of the Rulers and Dynasties of Ancient Egypt. London: Thames and Hudson. Seshat URL: https://www.zotero.org/groups/seshat_databank/items/itemKey/N9DP44W9 $",
Upper Egypt,Pharaonic_Egypt,Old Kingdom,EgOldK1,Horus Khaba,Huni / Horus Qahedjet,U*,1,-2640,-2637,U*,U*,U*,U*,U*,U*,A,U*,,"Khaba was probably responsible for the 'Layer Pyramid' at Zawiyet el-Aryan (Clayton 1994, 40; Malek 2000, 87). It appears that the details of his accession and reign are unknown.","(Lloyd 2010, xxxiv) Lloyd, Alan B. 2010. “Chronology.” In A Companion to Ancient Egypt, edited by Alan B. Lloyd, 1:xxxii – xliii. Chichester: Wiley-Blackwell. Seshat URL: https://www.zotero.org/groups/seshat_databank/items/itemKey/R95E4VDR $ (Morby and Rozier 2014) Morby, John E., and Charlie Rozier. 2014. Dynasties of the World. 2nd ed., online edition. Oxford: Oxford University Press. DOI: 10.1093/acref/9780191780073.001.0001. Seshat URL: https://www.zotero.org/groups/seshat_databank/items/itemKey/3C5IVS6E $ (Clayton 1994, 40) Clayton, Peter A. 1994. Chronicle of the Pharaohs: The Reign-by-Reign Record of the Rulers and Dynasties of Ancient Egypt. London: Thames and Hudson. Seshat URL: https://www.zotero.org/groups/seshat_databank/items/itemKey/N9DP44W9 $ (Malek 2000, 87) Malek, Jaromir. 2000. “The Old Kingdom (2686-2160 BC).” In The Oxford History of Ancient Egypt, edited by Ian Shaw, 83–107. Oxford: Oxford University Press. Seshat URL: https://www.zotero.org/groups/seshat_databank/items/itemKey/6AME4SP6.",
Upper Egypt,Pharaonic_Egypt,Old Kingdom,EgOldK1,Huni / Horus Qahedjet,Snefru,A,1,-2637,-2613,A,A,A,A,A,A,A,A,,"Huni was the last king of the Third Dynasty. He built his tomb at Meydum, 80 km south of Cairo, although it was likely finished by his successor Snefru (Clayton 1994, 40). In an apparently peaceful transition Snefru - possibly Huni's son by a 'minor wife' (Clayton 1994, 42), although this is disputed (Baud 2010, 66) - married Huni's daughter Hetep-heres, thus founding the Fourth Dynasty (Clayton 1994, 41-42). The sources do not give detailed information on Huni's accession and reign. Baud (2010, 66) writes that 'Although the line of demarcation between dynasties seems to have been permeable as far as blood lines were concerned, nevertheless the breaks between the 4th, 5th and 6th Dynasties could well have been linked to the accession of new families or branches of families to power'. NB: Lloyd's (2010) chronology section lists 'Neferkare' and 'Sanakht' between Khaba and Huni, but marks them with question marks.","(Lloyd 2010, xxxiv) Lloyd, Alan B. 2010. “Chronology.” In A Companion to Ancient Egypt, edited by Alan B. Lloyd, 1:xxxii – xliii. Chichester: Wiley-Blackwell. Seshat URL: https://www.zotero.org/groups/seshat_databank/items/itemKey/R95E4VDR $ (Morby and Rozier 2014) Morby, John E., and Charlie Rozier. 2014. Dynasties of the World. 2nd ed., online edition. Oxford: Oxford University Press. DOI: 10.1093/acref/9780191780073.001.0001. Seshat URL: https://www.zotero.org/groups/seshat_databank/items/itemKey/3C5IVS6E $ (Clayton 1994, 40-42) Clayton, Peter A. 1994. Chronicle of the Pharaohs: The Reign-by-Reign Record of the Rulers and Dynasties of Ancient Egypt. London: Thames and Hudson. Seshat URL: https://www.zotero.org/groups/seshat_databank/items/itemKey/N9DP44W9 $ (Baud 2010, 66) Baud, Michel. 2010. “The Old Kingdom.” In A Companion to Ancient Egypt, edited by Alan B. Lloyd, 1:63–80. Chichester: Wiley-Blackwell. Seshat URL: https://www.zotero.org/groups/seshat_databank/items/itemKey/HEHUKZFF $ (Malek 2000, 88) Malek, Jaromir. 2000. “The Old Kingdom (2686-2160 BC).” In The Oxford History of Ancient Egypt, edited by Ian Shaw, 83–107. Oxford: Oxford University Press. Seshat URL: https://www.zotero.org/groups/seshat_databank/items/itemKey/6AME4SP6.",
Upper Egypt,Pharaonic_Egypt,Old Kingdom,EgOldK1,Snefru,Khufu / Cheops,A,1,-2613,-2589,A,A,A,A,A,A,A,A,,"Snefru was the founder of the Fourth Dynasty, although he may have been the son of Huni, the last Third Dynasty king (Clayton 1994, 42; Baud 2010, 66). He mounted expeditions into the Sinai and Nubia and moved the royal burial ground to Dahshur (Clayton 1994, 43; Malek 2000, 97). The Westcar Papyrus 'mentions Snefru as an amiable pharaoh', and Clayton commands on his evident 'command of resources and manpower' (Clayton 1994, 43, 45). The sources do not comment on any contestations of his power, and he passed the throne to his son Khufu.","(Lloyd 2010, xxxiv) Lloyd, Alan B. 2010. “Chronology.” In A Companion to Ancient Egypt, edited by Alan B. Lloyd, 1:xxxii – xliii. Chichester: Wiley-Blackwell. Seshat URL: https://www.zotero.org/groups/seshat_databank/items/itemKey/R95E4VDR $ (Morby and Rozier 2014) Morby, John E., and Charlie Rozier. 2014. Dynasties of the World. 2nd ed., online edition. Oxford: Oxford University Press. DOI: 10.1093/acref/9780191780073.001.0001. Seshat URL: https://www.zotero.org/groups/seshat_databank/items/itemKey/3C5IVS6E $ (Clayton 1994, 42-45) Clayton, Peter A. 1994. Chronicle of the Pharaohs: The Reign-by-Reign Record of the Rulers and Dynasties of Ancient Egypt. London: Thames and Hudson. Seshat URL: https://www.zotero.org/groups/seshat_databank/items/itemKey/N9DP44W9 $ (Malek 2000, 97) Malek, Jaromir. 2000. “The Old Kingdom (2686-2160 BC).” In The Oxford History of Ancient Egypt, edited by Ian Shaw, 83–107. Oxford: Oxford University Press. Seshat URL: https://www.zotero.org/groups/seshat_databank/items/itemKey/6AME4SP6 $ (Baud 2010) Baud, Michel. 2010. “The Old Kingdom.” In A Companion to Ancient Egypt, edited by Alan B. Lloyd, 1:63–80. Chichester: Wiley-Blackwell. Seshat URL: https://www.zotero.org/groups/seshat_databank/items/itemKey/HEHUKZFF.",
Upper Egypt,Pharaonic_Egypt,Old Kingdom,EgOldK1,Khufu / Cheops,Djedefre / Redjedef,U*,1,-2589,-2566,A,A,A,A,A,A,A,A,,"Khufu inherited the throne from his father Snefru and is famous for his Great Pyramid at Giza (Clayton 1994, 45). Unfortunately, information about his reign is 'remarkably meagre', although he later acquired a reputation as a 'heartless despot' (Malek 2000, 88). When he died, the throne passed to his son Djedefre (Clayton 1994, 50).","(Lloyd 2010, xxxiv) Lloyd, Alan B. 2010. “Chronology.” In A Companion to Ancient Egypt, edited by Alan B. Lloyd, 1:xxxii – xliii. Chichester: Wiley-Blackwell. Seshat URL: https://www.zotero.org/groups/seshat_databank/items/itemKey/R95E4VDR $ (Morby and Rozier 2014) Morby, John E., and Charlie Rozier. 2014. Dynasties of the World. 2nd ed., online edition. Oxford: Oxford University Press. DOI: 10.1093/acref/9780191780073.001.0001. Seshat URL: https://www.zotero.org/groups/seshat_databank/items/itemKey/3C5IVS6E $ (Clayton 1994, 45-50) Clayton, Peter A. 1994. Chronicle of the Pharaohs: The Reign-by-Reign Record of the Rulers and Dynasties of Ancient Egypt. London: Thames and Hudson. Seshat URL: https://www.zotero.org/groups/seshat_databank/items/itemKey/N9DP44W9 $ (Malek 2000, 88-90) Malek, Jaromir. 2000. “The Old Kingdom (2686-2160 BC).” In The Oxford History of Ancient Egypt, edited by Ian Shaw, 83–107. Oxford: Oxford University Press. Seshat URL: https://www.zotero.org/groups/seshat_databank/items/itemKey/6AME4SP6.",
Upper Egypt,Pharaonic_Egypt,Old Kingdom,EgOldK1,Djedefre / Redjedef,Khafre / Chephren,U*,1,-2566,-2558,U*,U*,U*,U*,U*,U*,A,U*,,"Djedefre inherited the throne from his father Khufu, but he was 'short-lived' and little is known about his reign (Clayton 1994, 50). When he died, the throne passed to another son of Khufu, named Khafre (Clayton 1994, 51).","(Lloyd 2010, xxxiv) Lloyd, Alan B. 2010. “Chronology.” In A Companion to Ancient Egypt, edited by Alan B. Lloyd, 1:xxxii – xliii. Chichester: Wiley-Blackwell. Seshat URL: https://www.zotero.org/groups/seshat_databank/items/itemKey/R95E4VDR $ (Morby and Rozier 2014) Morby, John E., and Charlie Rozier. 2014. Dynasties of the World. 2nd ed., online edition. Oxford: Oxford University Press. DOI: 10.1093/acref/9780191780073.001.0001. Seshat URL: https://www.zotero.org/groups/seshat_databank/items/itemKey/3C5IVS6E $ (Clayton 1994, 50-51) Clayton, Peter A. 1994. Chronicle of the Pharaohs: The Reign-by-Reign Record of the Rulers and Dynasties of Ancient Egypt. London: Thames and Hudson. Seshat URL: https://www.zotero.org/groups/seshat_databank/items/itemKey/N9DP44W9.",
Upper Egypt,Pharaonic_Egypt,Old Kingdom,EgOldK1,Khafre / Chephren,Menkaure / Mykerinos,U*,1,-2558,-2532,A,A,A,A,A,A,A,A,,"Like Djedefre, his immediate predecessor, Khafre was a son of Khufu. He built a pyramid at Giza as and has been credited with the Great Sphinx (Clayton 1994, 54-55). Clayton (1994, 51) writes that 'the country was prosperous' under his rule, but the sources do not provide details about Khafre's accession or any contestations of his power. On his death, the throne passed to his son Menkaure (Clayton 1994, 56).","(Lloyd 2010, xxxiv) Lloyd, Alan B. 2010. “Chronology.” In A Companion to Ancient Egypt, edited by Alan B. Lloyd, 1:xxxii – xliii. Chichester: Wiley-Blackwell. Seshat URL: https://www.zotero.org/groups/seshat_databank/items/itemKey/R95E4VDR $ (Morby and Rozier 2014) Morby, John E., and Charlie Rozier. 2014. Dynasties of the World. 2nd ed., online edition. Oxford: Oxford University Press. DOI: 10.1093/acref/9780191780073.001.0001. Seshat URL: https://www.zotero.org/groups/seshat_databank/items/itemKey/3C5IVS6E $ (Clayton 1994, 51-56) Clayton, Peter A. 1994. Chronicle of the Pharaohs: The Reign-by-Reign Record of the Rulers and Dynasties of Ancient Egypt. London: Thames and Hudson. Seshat URL: https://www.zotero.org/groups/seshat_databank/items/itemKey/N9DP44W9 $ (Malek 2000, 90, 97) Malek, Jaromir. 2000. “The Old Kingdom (2686-2160 BC).” In The Oxford History of Ancient Egypt, edited by Ian Shaw, 83–107. Oxford: Oxford University Press. Seshat URL: https://www.zotero.org/groups/seshat_databank/items/itemKey/6AME4SP6.",
Upper Egypt,Pharaonic_Egypt,Old Kingdom,EgOldK1,Menkaure / Mykerinos,Shepseskaf,A*,1,-2532,-2503,A,A,A,A,A,A,A,A,,"Menkaure succeeded his father Khafre and was reportedly a 'benevolent' king (Clayton 1994, 56). Some form of contestation of his power is suggested by later reports of a pronouncement of the oracle of Buto that he would only rule for six years (Clayton 1994, 56). However, as with his predecessors, we lack precise details about his accession and reign. He left the throne to his son Shepseskaf, who completed his father's pyramid complex (Malek 2000, 91).","(Lloyd 2010, xxxiv) Lloyd, Alan B. 2010. “Chronology.” In A Companion to Ancient Egypt, edited by Alan B. Lloyd, 1:xxxii – xliii. Chichester: Wiley-Blackwell. Seshat URL: https://www.zotero.org/groups/seshat_databank/items/itemKey/R95E4VDR $ (Morby and Rozier 2014) Morby, John E., and Charlie Rozier. 2014. Dynasties of the World. 2nd ed., online edition. Oxford: Oxford University Press. DOI: 10.1093/acref/9780191780073.001.0001. Seshat URL: https://www.zotero.org/groups/seshat_databank/items/itemKey/3C5IVS6E $ (Clayton 1994, 45-50) Clayton, Peter A. 1994. Chronicle of the Pharaohs: The Reign-by-Reign Record of the Rulers and Dynasties of Ancient Egypt. London: Thames and Hudson. Seshat URL: https://www.zotero.org/groups/seshat_databank/items/itemKey/N9DP44W9 $ (Malek 2000, 91) Malek, Jaromir. 2000. “The Old Kingdom (2686-2160 BC).” In The Oxford History of Ancient Egypt, edited by Ian Shaw, 83–107. Oxford: Oxford University Press. Seshat URL: https://www.zotero.org/groups/seshat_databank/items/itemKey/6AME4SP6.",
Upper Egypt,Pharaonic_Egypt,Old Kingdom,EgOldK1,Shepseskaf,Userkaf,U*,1,-2503,-2498,U*,U*,U*,U*,U*,U*,A,U*,,"Shepseskaf inherited the throne from his father Menkaure, perhaps because a more senior heir, Prince Khuenre, predeceased the old king (Clayton 1994, 58). Shepseskaf's reign was short and he completed his father's pyramid complex 'hastily' (Malek 2000, 91). The sources do not provide details on his accession or any contestations of his power. The next king, Userkaf, was the founder of the Fifth Dynasty, but may have been the grandson of Djedefre and the husband of Menkaure's daughter. The Fourth to Fifth Dynasty transition Baud (2010, 66) writes that 'Although the line of demarcation between dynasties seems to have been permeable as far as blood lines were concerned, nevertheless the breaks between the 4th, 5th and 6th Dynasties could well have been linked to the accession of new families or branches of families to power'.","(Lloyd 2010, xxxiv) Lloyd, Alan B. 2010. “Chronology.” In A Companion to Ancient Egypt, edited by Alan B. Lloyd, 1:xxxii – xliii. Chichester: Wiley-Blackwell. Seshat URL: https://www.zotero.org/groups/seshat_databank/items/itemKey/R95E4VDR $ (Morby and Rozier 2014) Morby, John E., and Charlie Rozier. 2014. Dynasties of the World. 2nd ed., online edition. Oxford: Oxford University Press. DOI: 10.1093/acref/9780191780073.001.0001. Seshat URL: https://www.zotero.org/groups/seshat_databank/items/itemKey/3C5IVS6E $ (Malek 2000, 91, 98) Malek, Jaromir. 2000. “The Old Kingdom (2686-2160 BC).” In The Oxford History of Ancient Egypt, edited by Ian Shaw, 83–107. Oxford: Oxford University Press. Seshat URL: https://www.zotero.org/groups/seshat_databank/items/itemKey/6AME4SP6 $ (Clayton 1994, 58-59) Clayton, Peter A. 1994. Chronicle of the Pharaohs: The Reign-by-Reign Record of the Rulers and Dynasties of Ancient Egypt. London: Thames and Hudson. Seshat URL: https://www.zotero.org/groups/seshat_databank/items/itemKey/N9DP44W9 $ (Baud 2010, 66) Baud, Michel. 2010. “The Old Kingdom.” In A Companion to Ancient Egypt, edited by Alan B. Lloyd, 1:63–80. Chichester: Wiley-Blackwell. Seshat URL: https://www.zotero.org/groups/seshat_databank/items/itemKey/HEHUKZFF.",
Upper Egypt,Pharaonic_Egypt,Old Kingdom,EgOldK1,Userkaf,Sahure,U*,1,-2494,-2487,A,A,A,A,A,A,A,A,,"Userkaf, who some have suggested was the grandson of the Fourth Dynasty king Djedefre, married Khentkawes, daughter of Menkaure, and acceded to the throne to found the Fifth Dynasty (Clayton 1994, 61; Malek 2000, 98). He may have 'come to the throne as an old man', explaining his seven-year reign. The sources do not provide details of his accession or any contestations of his power, but his successor, Sahure, was his son (Baud 2010, 66), so he seems unlikely to have been overturned.","(Lloyd 2010, xxxiv) Lloyd, Alan B. 2010. “Chronology.” In A Companion to Ancient Egypt, edited by Alan B. Lloyd, 1:xxxii – xliii. Chichester: Wiley-Blackwell. Seshat URL: https://www.zotero.org/groups/seshat_databank/items/itemKey/R95E4VDR $ (Morby and Rozier 2014) Morby, John E., and Charlie Rozier. 2014. Dynasties of the World. 2nd ed., online edition. Oxford: Oxford University Press. DOI: 10.1093/acref/9780191780073.001.0001. Seshat URL: https://www.zotero.org/groups/seshat_databank/items/itemKey/3C5IVS6E $ (Clayton 1994, 61-62) Clayton, Peter A. 1994. Chronicle of the Pharaohs: The Reign-by-Reign Record of the Rulers and Dynasties of Ancient Egypt. London: Thames and Hudson. Seshat URL: https://www.zotero.org/groups/seshat_databank/items/itemKey/N9DP44W9 $ (Baud 2010, 66) Baud, Michel. 2010. “The Old Kingdom.” In A Companion to Ancient Egypt, edited by Alan B. Lloyd, 1:63–80. Chichester: Wiley-Blackwell. Seshat URL: https://www.zotero.org/groups/seshat_databank/items/itemKey/HEHUKZFF.",
Upper Egypt,Pharaonic_Egypt,Old Kingdom,EgOldK1,Sahure,Neferirkare Kakai,U*,1,-2487,-2475,A,A,A,A,A,A,A,A,,"Sahure inherited the throne from his father Userkaf (Baud 2010, 66) and built his pyramid at Abusir (Malek 2000, 100). The sources do not provide details of his accession or any contestations of his power, but on his death the throne passed to his son Neferirkare (Baud 2010, 66), so he seems unlikely to have been overturned.","(Lloyd 2010, xxxiv) Lloyd, Alan B. 2010. “Chronology.” In A Companion to Ancient Egypt, edited by Alan B. Lloyd, 1:xxxii – xliii. Chichester: Wiley-Blackwell. Seshat URL: https://www.zotero.org/groups/seshat_databank/items/itemKey/R95E4VDR $ (Morby and Rozier 2014) Morby, John E., and Charlie Rozier. 2014. Dynasties of the World. 2nd ed., online edition. Oxford: Oxford University Press. DOI: 10.1093/acref/9780191780073.001.0001. Seshat URL: https://www.zotero.org/groups/seshat_databank/items/itemKey/3C5IVS6E $ (Baud 2010, 66) Baud, Michel. 2010. “The Old Kingdom.” In A Companion to Ancient Egypt, edited by Alan B. Lloyd, 1:63–80. Chichester: Wiley-Blackwell. Seshat URL: https://www.zotero.org/groups/seshat_databank/items/itemKey/HEHUKZFF $ (Malek 2000, 99-101) Malek, Jaromir. 2000. “The Old Kingdom (2686-2160 BC).” In The Oxford History of Ancient Egypt, edited by Ian Shaw, 83–107. Oxford: Oxford University Press. Seshat URL: https://www.zotero.org/groups/seshat_databank/items/itemKey/6AME4SP6.",
Upper Egypt,Pharaonic_Egypt,Old Kingdom,EgOldK1,Neferirkare Kakai,Shepseskare,U*,1,-2475,-2455,U*,U*,U*,U*,U*,U*,A,U*,,"Neferirkare inherited the throne from his father Sahure (Baud 2010, 66) and, like him, built his pyramid at Abusir (Malek 2000, 100). Baud (2010, 75) writes that the '""sun"" kings of Abusir' had a more distanced relationship with the Egyptian elite than their predecessors, demonstrated by the separation of royal and elite burial sites. However, other than this, the sources do not give details on Neferirkare's accession and reign. The parentage of his successor Shepseskare is still unclear, but Baud (2010, 67) speculates that he was an 'older member of the royal family who filled a power vacuum' caused by the death of Neferefre. In this schema, Shepseskare succeeds Neferefre instead of Neferirkare, but in both Lloyd's (2010) and Morby and Rozier's (2014) chronologies, Shepseskare is placed immediately after Neferirkare. What is clear here is that we lack a detailed understanding of the Egyptian succession in the mid 25th century BCE.","(Lloyd 2010, xxxiv) Lloyd, Alan B. 2010. “Chronology.” In A Companion to Ancient Egypt, edited by Alan B. Lloyd, 1:xxxii – xliii. Chichester: Wiley-Blackwell. Seshat URL: https://www.zotero.org/groups/seshat_databank/items/itemKey/R95E4VDR $ (Morby and Rozier 2014) Morby, John E., and Charlie Rozier. 2014. Dynasties of the World. 2nd ed., online edition. Oxford: Oxford University Press. DOI: 10.1093/acref/9780191780073.001.0001. Seshat URL: https://www.zotero.org/groups/seshat_databank/items/itemKey/3C5IVS6E $ (Clayton 1994, 62) Clayton, Peter A. 1994. Chronicle of the Pharaohs: The Reign-by-Reign Record of the Rulers and Dynasties of Ancient Egypt. London: Thames and Hudson. Seshat URL: https://www.zotero.org/groups/seshat_databank/items/itemKey/N9DP44W9 $ (Baud 2010, 66-67, 71, 75) Baud, Michel. 2010. “The Old Kingdom.” In A Companion to Ancient Egypt, edited by Alan B. Lloyd, 1:63–80. Chichester: Wiley-Blackwell. Seshat URL: https://www.zotero.org/groups/seshat_databank/items/itemKey/HEHUKZFF.",
Upper Egypt,Pharaonic_Egypt,Old Kingdom,EgOldK1,Shepseskare,Neferefre / Reneferet,U*,1,-2455,-2448,U*,U*,U*,U*,U*,U*,A,U*,,"Shepseskare is described as 'shadowy' (Baud 2010, 68) and his relation to his predecessor Neferirkare is unclear. Baud (2010, 67) speculates that Shepseskare was an 'older member of the royal family who filled a power vacuum' caused by the death of Neferefre. In this schema, Shepseskare succeeds Neferefre instead of Neferirkare, but in both Lloyd's (2010) and Morby and Rozier's (2014) chronologies, Shepseskare is placed immediately after Neferirkare. What is clear here is that we lack a detailed understanding of the Egyptian succession in the mid 25th century BCE.","(Lloyd 2010, xxxiv) Lloyd, Alan B. 2010. “Chronology.” In A Companion to Ancient Egypt, edited by Alan B. Lloyd, 1:xxxii – xliii. Chichester: Wiley-Blackwell. Seshat URL: https://www.zotero.org/groups/seshat_databank/items/itemKey/R95E4VDR $ (Morby and Rozier 2014) Morby, John E., and Charlie Rozier. 2014. Dynasties of the World. 2nd ed., online edition. Oxford: Oxford University Press. DOI: 10.1093/acref/9780191780073.001.0001. Seshat URL: https://www.zotero.org/groups/seshat_databank/items/itemKey/3C5IVS6E $ (Baud 2010, 66-67, 71, 75) Baud, Michel. 2010. “The Old Kingdom.” In A Companion to Ancient Egypt, edited by Alan B. Lloyd, 1:63–80. Chichester: Wiley-Blackwell. Seshat URL: https://www.zotero.org/groups/seshat_databank/items/itemKey/HEHUKZFF.",
Upper Egypt,Pharaonic_Egypt,Old Kingdom,EgOldK1,Neferefre / Reneferet,Niuserre,U*,1,-2448,-2445,U*,U*,U*,U*,U*,U*,A,U*,,"An analysis of his remains showed that he died young (Baud 2010, 66).","(Lloyd 2010, xxxiv) Lloyd, Alan B. 2010. “Chronology.” In A Companion to Ancient Egypt, edited by Alan B. Lloyd, 1:xxxii – xliii. Chichester: Wiley-Blackwell. Seshat URL: https://www.zotero.org/groups/seshat_databank/items/itemKey/R95E4VDR $ (Morby and Rozier 2014) Morby, John E., and Charlie Rozier. 2014. Dynasties of the World. 2nd ed., online edition. Oxford: Oxford University Press. DOI: 10.1093/acref/9780191780073.001.0001. Seshat URL: https://www.zotero.org/groups/seshat_databank/items/itemKey/3C5IVS6E.",
Upper Egypt,Pharaonic_Egypt,Old Kingdom,EgOldK1,Niuserre,Menkauhor,U*,1,-2445,-2421,U*,U*,U*,U*,U*,U*,A,U*,,"As the son of Neferirkare and Queen Khentkawes II, Niuserre was the full brother of his predecessor Neferefre, who died young (Baud 2010, 66-67). He was one of the '""sun"" kings of Abusir', who had a more distanced relationship with the Egyptian elite than their predecessors (Baud 2010, 75). However, other than this observation, the sources do not provide details of Niuserre's accession or any contestations of his power. The relationship he had to his successor Menkauhor is unknown (Baud 2010, 67).","(Lloyd 2010, xxxiv) Lloyd, Alan B. 2010. “Chronology.” In A Companion to Ancient Egypt, edited by Alan B. Lloyd, 1:xxxii – xliii. Chichester: Wiley-Blackwell. Seshat URL: https://www.zotero.org/groups/seshat_databank/items/itemKey/R95E4VDR $ (Morby and Rozier 2014) Morby, John E., and Charlie Rozier. 2014. Dynasties of the World. 2nd ed., online edition. Oxford: Oxford University Press. DOI: 10.1093/acref/9780191780073.001.0001. Seshat URL: https://www.zotero.org/groups/seshat_databank/items/itemKey/3C5IVS6E $ (Baud 2010, 66-67, 75) Baud, Michel. 2010. “The Old Kingdom.” In A Companion to Ancient Egypt, edited by Alan B. Lloyd, 1:63–80. Chichester: Wiley-Blackwell. Seshat URL: https://www.zotero.org/groups/seshat_databank/items/itemKey/HEHUKZFF.",
Upper Egypt,Pharaonic_Egypt,Old Kingdom,EgOldK1,Menkauhor,Djedkare Isesi,U*,1,-2421,-2414,U*,U*,U*,U*,U*,U*,A,U*,,"His successor Djedkare Isesi did not build sun temples like the Abusir group of kings, but Malek (2000, 102) believes there was 'continuity rather than a break' between Menkauhor and Djedkare because some of Djedkare's officials were buried at Abusir.","(Lloyd 2010, xxxiv) Lloyd, Alan B. 2010. “Chronology.” In A Companion to Ancient Egypt, edited by Alan B. Lloyd, 1:xxxii – xliii. Chichester: Wiley-Blackwell. Seshat URL: https://www.zotero.org/groups/seshat_databank/items/itemKey/R95E4VDR $ (Morby and Rozier 2014) Morby, John E., and Charlie Rozier. 2014. Dynasties of the World. 2nd ed., online edition. Oxford: Oxford University Press. DOI: 10.1093/acref/9780191780073.001.0001. Seshat URL: https://www.zotero.org/groups/seshat_databank/items/itemKey/3C5IVS6E $ (Clayton 1994, 62-63) Clayton, Peter A. 1994. Chronicle of the Pharaohs: The Reign-by-Reign Record of the Rulers and Dynasties of Ancient Egypt. London: Thames and Hudson. Seshat URL: https://www.zotero.org/groups/seshat_databank/items/itemKey/N9DP44W9 $ (Baud 2010, 67, 74) Baud, Michel. 2010. “The Old Kingdom.” In A Companion to Ancient Egypt, edited by Alan B. Lloyd, 1:63–80. Chichester: Wiley-Blackwell. Seshat URL: https://www.zotero.org/groups/seshat_databank/items/itemKey/HEHUKZFF $ (Malek 2000, 102) Malek, Jaromir. 2000. “The Old Kingdom (2686-2160 BC).” In The Oxford History of Ancient Egypt, edited by Ian Shaw, 83–107. Oxford: Oxford University Press. Seshat URL: https://www.zotero.org/groups/seshat_databank/items/itemKey/6AME4SP6.",
Upper Egypt,Pharaonic_Egypt,Old Kingdom,EgOldK1,Djedkare Isesi,Unis,U*,1,-2414,-2375,U*,U*,U*,U*,U*,U*,A,U*,,"The nature of the relationship between him and his successor Unas is unknown (Baud 2010, 67).","(Lloyd 2010, xxxiv) Lloyd, Alan B. 2010. “Chronology.” In A Companion to Ancient Egypt, edited by Alan B. Lloyd, 1:xxxii – xliii. Chichester: Wiley-Blackwell. Seshat URL: https://www.zotero.org/groups/seshat_databank/items/itemKey/R95E4VDR $ (Morby and Rozier 2014) Morby, John E., and Charlie Rozier. 2014. Dynasties of the World. 2nd ed., online edition. Oxford: Oxford University Press. DOI: 10.1093/acref/9780191780073.001.0001. Seshat URL: https://www.zotero.org/groups/seshat_databank/items/itemKey/3C5IVS6E $ (Baud 2010, 67) Baud, Michel. 2010. “The Old Kingdom.” In A Companion to Ancient Egypt, edited by Alan B. Lloyd, 1:63–80. Chichester: Wiley-Blackwell. Seshat URL: https://www.zotero.org/groups/seshat_databank/items/itemKey/HEHUKZFF $ (Malek 2000, 102) Malek, Jaromir. 2000. “The Old Kingdom (2686-2160 BC).” In The Oxford History of Ancient Egypt, edited by Ian Shaw, 83–107. Oxford: Oxford University Press. Seshat URL: https://www.zotero.org/groups/seshat_databank/items/itemKey/6AME4SP6 $ (Clayton 1994, 62-63) Clayton, Peter A. 1994. Chronicle of the Pharaohs: The Reign-by-Reign Record of the Rulers and Dynasties of Ancient Egypt. London: Thames and Hudson. Seshat URL: https://www.zotero.org/groups/seshat_databank/items/itemKey/N9DP44W9.",
Upper Egypt,Pharaonic_Egypt,Old Kingdom,EgOldK1,Unis,Teti,P,1,-2375,-2345,U*,U*,U*,U*,U*,U*,A,U*,,"Unis had a long reign (Malek 2000, 102) but apparently 'left no heir, leading to a short period of political instability' (Clayton 1994, 63). The eventual successor, Teti, probably married Unas' daughter (Malek 2000, 103), but the royal residence may have changed location (Malek 2000, 104. There is uncertainty about the Fifth to Sixth Dynasty transition.","(Lloyd 2010, xxxiv) Lloyd, Alan B. 2010. “Chronology.” In A Companion to Ancient Egypt, edited by Alan B. Lloyd, 1:xxxii – xliii. Chichester: Wiley-Blackwell. Seshat URL: https://www.zotero.org/groups/seshat_databank/items/itemKey/R95E4VDR $ (Morby and Rozier 2014) Morby, John E., and Charlie Rozier. 2014. Dynasties of the World. 2nd ed., online edition. Oxford: Oxford University Press. DOI: 10.1093/acref/9780191780073.001.0001. Seshat URL: https://www.zotero.org/groups/seshat_databank/items/itemKey/3C5IVS6E $ (Clayton 1994, 63) Clayton, Peter A. 1994. Chronicle of the Pharaohs: The Reign-by-Reign Record of the Rulers and Dynasties of Ancient Egypt. London: Thames and Hudson. Seshat URL: https://www.zotero.org/groups/seshat_databank/items/itemKey/N9DP44W9 $ (Baud 2010, 67, 77) Baud, Michel. 2010. “The Old Kingdom.” In A Companion to Ancient Egypt, edited by Alan B. Lloyd, 1:63–80. Chichester: Wiley-Blackwell. Seshat URL: https://www.zotero.org/groups/seshat_databank/items/itemKey/HEHUKZFF $ (Malek 2000, 102-04) Malek, Jaromir. 2000. “The Old Kingdom (2686-2160 BC).” In The Oxford History of Ancient Egypt, edited by Ian Shaw, 83–107. Oxford: Oxford University Press. Seshat URL: https://www.zotero.org/groups/seshat_databank/items/itemKey/6AME4SP6.",
Upper Egypt,Pharaonic_Egypt,Old Kingdom,EgOldK2,Teti,Userkara,P*,1,-2345,-2323,P*,U*,P*,U*,U*,U*,A,U*,,"According to the much later Egyptian historian Manetho, Teti was murdered by his bodyguard, and a usurper named Userkare seems to have seized the throne (Clayton 1994, 64; Baud 2010, 77).It has not been proved beyond doubt that assassination took place (Kanawati 2003, 9). In general, the Sixth Dynasty was punctuated by 'court intrigues and palace conspiracies' (Baud 2010, 77).","(Lloyd 2010, xxxiv) Lloyd, Alan B. 2010. “Chronology.” In A Companion to Ancient Egypt, edited by Alan B. Lloyd, 1:xxxii – xliii. Chichester: Wiley-Blackwell. Seshat URL: https://www.zotero.org/groups/seshat_databank/items/itemKey/R95E4VDR $ (Morby and Rozier 2014) Morby, John E., and Charlie Rozier. 2014. Dynasties of the World. 2nd ed., online edition. Oxford: Oxford University Press. DOI: 10.1093/acref/9780191780073.001.0001. Seshat URL: https://www.zotero.org/groups/seshat_databank/items/itemKey/3C5IVS6E $ (Clayton 1994, 63-64) Clayton, Peter A. 1994. Chronicle of the Pharaohs: The Reign-by-Reign Record of the Rulers and Dynasties of Ancient Egypt. London: Thames and Hudson. Seshat URL: https://www.zotero.org/groups/seshat_databank/items/itemKey/N9DP44W9 $ (Baud 2010, 77) Baud, Michel. 2010. “The Old Kingdom.” In A Companion to Ancient Egypt, edited by Alan B. Lloyd, 1:63–80. Chichester: Wiley-Blackwell. Seshat URL: https://www.zotero.org/groups/seshat_databank/items/itemKey/HEHUKZFF $ (Kanawati 2003, 9) Kanawati, Naguib. 2003. Conspiracies in the Egyptian Palace: Unis to Pepy I. London: Routledge. Seshat URL: https://www.zotero.org/groups/seshat_databank/items/itemKey/7DX6H59V.",
Upper Egypt,Pharaonic_Egypt,Old Kingdom,EgOldK2,Userkara,Pepi I / Meryre,P*,1,-2323,-2321,P*,U*,P*,U*,U*,U*,A,U*,,"Malek (2000, 104) notes that Userkara's 'existence can be disputed'. If he did exist, his reign was almost certainly contested and he was overturned: power returned to Teti's line with the next king, Pepi II (Clayton 1994, 64-65).","(Lloyd 2010, xxxiv) Lloyd, Alan B. 2010. “Chronology.” In A Companion to Ancient Egypt, edited by Alan B. Lloyd, 1:xxxii – xliii. Chichester: Wiley-Blackwell. Seshat URL: https://www.zotero.org/groups/seshat_databank/items/itemKey/R95E4VDR $ (Morby and Rozier 2014) Morby, John E., and Charlie Rozier. 2014. Dynasties of the World. 2nd ed., online edition. Oxford: Oxford University Press. DOI: 10.1093/acref/9780191780073.001.0001. Seshat URL: https://www.zotero.org/groups/seshat_databank/items/itemKey/3C5IVS6E $ (Shaw 2000) Shaw, Ian. 2000. “Chronology.” In The Oxford History of Ancient Egypt, edited by Ian Shaw, 480–89. Oxford: Oxford University Press. Seshat URL: https://www.zotero.org/groups/seshat_databank/items/itemKey/48FRNB9P $ (Clayton 1994, 64-65) Clayton, Peter A. 1994. Chronicle of the Pharaohs: The Reign-by-Reign Record of the Rulers and Dynasties of Ancient Egypt. London: Thames and Hudson. Seshat URL: https://www.zotero.org/groups/seshat_databank/items/itemKey/N9DP44W9 $ (Malek 2000, 104) Malek, Jaromir. 2000. “The Old Kingdom (2686-2160 BC).” In The Oxford History of Ancient Egypt, edited by Ian Shaw, 83–107. Oxford: Oxford University Press. Seshat URL: https://www.zotero.org/groups/seshat_databank/items/itemKey/6AME4SP6.",
Upper Egypt,Pharaonic_Egypt,Old Kingdom,EgOldK2,Pepi I / Meryre,Merenre / Nemtyemsaf,U*,1,-2321,-2287,A,A,A,A,A,A,A,A,,"Pepi I was succeeded by his son Merenre (Clayton 1994, 66). The sources give no indication that Pepi was assassinated or that there was a general uprising during his reign.","(Lloyd 2010, xxxiv) Lloyd, Alan B. 2010. “Chronology.” In A Companion to Ancient Egypt, edited by Alan B. Lloyd, 1:xxxii – xliii. Chichester: Wiley-Blackwell. Seshat URL: https://www.zotero.org/groups/seshat_databank/items/itemKey/R95E4VDR $ (Morby and Rozier 2014) Morby, John E., and Charlie Rozier. 2014. Dynasties of the World. 2nd ed., online edition. Oxford: Oxford University Press. DOI: 10.1093/acref/9780191780073.001.0001. Seshat URL: https://www.zotero.org/groups/seshat_databank/items/itemKey/3C5IVS6E $ (Clayton 1994, 65-67) Clayton, Peter A. 1994. Chronicle of the Pharaohs: The Reign-by-Reign Record of the Rulers and Dynasties of Ancient Egypt. London: Thames and Hudson. Seshat URL: https://www.zotero.org/groups/seshat_databank/items/itemKey/N9DP44W9 $ (Malek 2000, 105) Malek, Jaromir. 2000. “The Old Kingdom (2686-2160 BC).” In The Oxford History of Ancient Egypt, edited by Ian Shaw, 83–107. Oxford: Oxford University Press. Seshat URL: https://www.zotero.org/groups/seshat_databank/items/itemKey/6AME4SP6.",
Upper Egypt,Pharaonic_Egypt,Old Kingdom,EgOldK2,Merenre / Nemtyemsaf,Pepi II / Neferkare,A*,1,-2287,-2278,A*,A*,A*,A*,A*,A*,A,A*,,"Baud (2010, 77) tells us that harem conspiracies and court intrigues were common during this period. Merenre was succeeded by his brother, Pepi II.","(Lloyd 2010, xxxiv) Lloyd, Alan B. 2010. “Chronology.” In A Companion to Ancient Egypt, edited by Alan B. Lloyd, 1:xxxii – xliii. Chichester: Wiley-Blackwell. Seshat URL: https://www.zotero.org/groups/seshat_databank/items/itemKey/R95E4VDR $ (Morby and Rozier 2014) Morby, John E., and Charlie Rozier. 2014. Dynasties of the World. 2nd ed., online edition. Oxford: Oxford University Press. DOI: 10.1093/acref/9780191780073.001.0001. Seshat URL: https://www.zotero.org/groups/seshat_databank/items/itemKey/3C5IVS6E $ (Malek 2000, 106) Malek, Jaromir. 2000. “The Old Kingdom (2686-2160 BC).” In The Oxford History of Ancient Egypt, edited by Ian Shaw, 83–107. Oxford: Oxford University Press. Seshat URL: https://www.zotero.org/groups/seshat_databank/items/itemKey/6AME4SP6 $ (Baud 2010, 77) Baud, Michel. 2010. “The Old Kingdom.” In A Companion to Ancient Egypt, edited by Alan B. Lloyd, 1:63–80. Chichester: Wiley-Blackwell. Seshat URL: https://www.zotero.org/groups/seshat_databank/items/itemKey/HEHUKZFF $ (Clayton 1994, 66-67) Clayton, Peter A. 1994. Chronicle of the Pharaohs: The Reign-by-Reign Record of the Rulers and Dynasties of Ancient Egypt. London: Thames and Hudson. Seshat URL: https://www.zotero.org/groups/seshat_databank/items/itemKey/N9DP44W9.",
Upper Egypt,Pharaonic_Egypt,Old Kingdom,EgOldK2,Pepi II / Neferkare,Merenre II,P*,1,-2278,-2184,P*,U*,P*,U*,P*,U*,A,U*,,"It is possible that general uprisings against the king could have occurred, as suggested by the sack of the governor's palace at Balat and a fire around the temple of the ram god at Mendes (Baud 2010, 80). The end of Pepi II's reign is murky, but he seems to have been succeeded by Merenre II (Lloyd 2010, xxxiv).","(Lloyd 2010, xxxiv) Lloyd, Alan B. 2010. “Chronology.” In A Companion to Ancient Egypt, edited by Alan B. Lloyd, 1:xxxii – xliii. Chichester: Wiley-Blackwell. Seshat URL: https://www.zotero.org/groups/seshat_databank/items/itemKey/R95E4VDR $ (Morby and Rozier 2014) Morby, John E., and Charlie Rozier. 2014. Dynasties of the World. 2nd ed., online edition. Oxford: Oxford University Press. DOI: 10.1093/acref/9780191780073.001.0001. Seshat URL: https://www.zotero.org/groups/seshat_databank/items/itemKey/3C5IVS6E $ (Clayton 1994, 66-67) Clayton, Peter A. 1994. Chronicle of the Pharaohs: The Reign-by-Reign Record of the Rulers and Dynasties of Ancient Egypt. London: Thames and Hudson. Seshat URL: https://www.zotero.org/groups/seshat_databank/items/itemKey/N9DP44W9 $ (Baud 2010, 77, 80) Baud, Michel. 2010. “The Old Kingdom.” In A Companion to Ancient Egypt, edited by Alan B. Lloyd, 1:63–80. Chichester: Wiley-Blackwell. Seshat URL: https://www.zotero.org/groups/seshat_databank/items/itemKey/HEHUKZFF $ (Spalinger 2010, 427) Spalinger, Anthony J. 2010. “Military Institutions and Warfare: Pharaonic.” In A Companion to Ancient Egypt, edited by Alan B. Lloyd, 425–45. Chichester: Wiley-Blackwell. Seshat URL: https://www.zotero.org/groups/seshat_databank/items/itemKey/IPPCM5Q9.",
Upper Egypt,Pharaonic_Egypt,Old Kingdom,EgOldK2,Merenre II,Tepya Mentuhotep I,P*,1,-2184,-2184,U*,U*,U*,U*,U*,P*,A,U*,,"He was the son of Pepi II (Baud 2010, 67). Baud (2010, 77) tells us that harem conspiracies and court intrigues were common during this period. The Sixth Dynasty came to an end around 2181 BCE (Clayton 1994, 67).","(Lloyd 2010, xxxiv) Lloyd, Alan B. 2010. “Chronology.” In A Companion to Ancient Egypt, edited by Alan B. Lloyd, 1:xxxii – xliii. Chichester: Wiley-Blackwell. Seshat URL: https://www.zotero.org/groups/seshat_databank/items/itemKey/R95E4VDR $ (Baud 2010, 67, 77) Baud, Michel. 2010. “The Old Kingdom.” In A Companion to Ancient Egypt, edited by Alan B. Lloyd, 1:63–80. Chichester: Wiley-Blackwell. Seshat URL: https://www.zotero.org/groups/seshat_databank/items/itemKey/HEHUKZFF $ (Clayton 1994, 67) Clayton, Peter A. 1994. Chronicle of the Pharaohs: The Reign-by-Reign Record of the Rulers and Dynasties of Ancient Egypt. London: Thames and Hudson. Seshat URL: https://www.zotero.org/groups/seshat_databank/items/itemKey/N9DP44W9.",
Upper Egypt,Pharaonic_Egypt,Period of the Regions,EgRegns,Tepya Mentuhotep I,Intef I / Sehertawy,U*,1,-2133,-2125,U*,U*,U*,U*,U*,U*,A,U*,,"Little is known about Mentuhotep I, and no contemporary epigraphic sources for his reign have been discovered (Seidlmayer 2000, 124).","(Shaw 2000) Shaw, Ian. 2000. “Chronology.” In The Oxford History of Ancient Egypt, edited by Ian Shaw, 480–89. Oxford: Oxford University Press. Seshat URL: https://www.zotero.org/groups/seshat_databank/items/itemKey/48FRNB9P $ (Morby and Rozier 2014) Morby, John E., and Charlie Rozier. 2014. Dynasties of the World. 2nd ed., online edition. Oxford: Oxford University Press. DOI: 10.1093/acref/9780191780073.001.0001. Seshat URL: https://www.zotero.org/groups/seshat_databank/items/itemKey/3C5IVS6E $ (Clayton 1994, 72) Clayton, Peter A. 1994. Chronicle of the Pharaohs: The Reign-by-Reign Record of the Rulers and Dynasties of Ancient Egypt. London: Thames and Hudson. Seshat URL: https://www.zotero.org/groups/seshat_databank/items/itemKey/N9DP44W9 $ (Seidlmayer 2000, 124) Seidlmayer, Stephan. 2000. “The First Intermediate Period.” In The Oxford History of Ancient Egypt, edited by Ian Shaw, 108–36. Oxford: Oxford University Press. Seshat URL: https://www.zotero.org/groups/seshat_databank/items/itemKey/Z27D4GXQ $ (Seidlmayer 2000, 124) Seidlmayer, Stephan. 2000. “The First Intermediate Period.” In The Oxford History of Ancient Egypt, edited by Ian Shaw, 108–36. Oxford: Oxford University Press. Seshat URL: https://www.zotero.org/groups/seshat_databank/items/itemKey/Z27D4GXQ.",
Upper Egypt,Pharaonic_Egypt,Period of the Regions,EgRegns,Intef I / Sehertawy,Intef II / Wahankh,A*,1,-2125,-2112,A*,A*,A*,A*,A*,A*,A,A*,,"The Eleventh Dynasty began in the First Intermediate Period with a series of kings, 'hardly more than nomarchs', ruling from Thebes and fighting with the northern Herakleopolitan kings for control of the country (Clayton 1994, 72). Little is known about Sehertawy Intef I, but his 'gigantic' saff tomb survives at el-Tarif (Seidlmayer 2000, 124). Separatist rebellions indicated by the struggles between the Theban and Herakleopolitan dynasties during this period (Clayton 1994, 72).","(Shaw 2000) Shaw, Ian. 2000. “Chronology.” In The Oxford History of Ancient Egypt, edited by Ian Shaw, 480–89. Oxford: Oxford University Press. Seshat URL: https://www.zotero.org/groups/seshat_databank/items/itemKey/48FRNB9P $ (Morby and Rozier 2014) Morby, John E., and Charlie Rozier. 2014. Dynasties of the World. 2nd ed., online edition. Oxford: Oxford University Press. DOI: 10.1093/acref/9780191780073.001.0001. Seshat URL: https://www.zotero.org/groups/seshat_databank/items/itemKey/3C5IVS6E $ (Clayton 1994, 72) Clayton, Peter A. 1994. Chronicle of the Pharaohs: The Reign-by-Reign Record of the Rulers and Dynasties of Ancient Egypt. London: Thames and Hudson. Seshat URL: https://www.zotero.org/groups/seshat_databank/items/itemKey/N9DP44W9 $ (Seidlmayer 2000, 124) Seidlmayer, Stephan. 2000. “The First Intermediate Period.” In The Oxford History of Ancient Egypt, edited by Ian Shaw, 108–36. Oxford: Oxford University Press. Seshat URL: https://www.zotero.org/groups/seshat_databank/items/itemKey/Z27D4GXQ $ (Seidlmayer 2000, 124) Seidlmayer, Stephan. 2000. “The First Intermediate Period.” In The Oxford History of Ancient Egypt, edited by Ian Shaw, 108–36. Oxford: Oxford University Press. Seshat URL: https://www.zotero.org/groups/seshat_databank/items/itemKey/Z27D4GXQ.",
Upper Egypt,Pharaonic_Egypt,Period of the Regions,EgRegns,Intef II / Wahankh,Intef III / Nakjtnebtepnefer,U*,1,-2112,-2063,A,A,A,A,A,A,A,A,,"Intef II succeeded his brother Intef I and ruled for 50 years (Seidlmayer 2000, 125). He claimed to rule both Upper and Lower Egypt, but this seems to have been an aspirational claim, contested by the Herakleopolitan kings in the north (Clayton 1994, 72-73). He nevertheless pushed the border of the coalescing Theban state northwards until the nomarchs of Asyut checked his advance (Clayton 1994, 73; Seidlmayer 2000, 133). Intef II was succeeded by his son Intef III, so seems unlikely to have been overturned.","(Shaw 2000) Shaw, Ian. 2000. “Chronology.” In The Oxford History of Ancient Egypt, edited by Ian Shaw, 480–89. Oxford: Oxford University Press. Seshat URL: https://www.zotero.org/groups/seshat_databank/items/itemKey/48FRNB9P $ (Morby and Rozier 2014) Morby, John E., and Charlie Rozier. 2014. Dynasties of the World. 2nd ed., online edition. Oxford: Oxford University Press. DOI: 10.1093/acref/9780191780073.001.0001. Seshat URL: https://www.zotero.org/groups/seshat_databank/items/itemKey/3C5IVS6E $ (Clayton 1994, 72-73) Clayton, Peter A. 1994. Chronicle of the Pharaohs: The Reign-by-Reign Record of the Rulers and Dynasties of Ancient Egypt. London: Thames and Hudson. Seshat URL: https://www.zotero.org/groups/seshat_databank/items/itemKey/N9DP44W9 $ (Seidlmayer 2000, 125-26, 133) Seidlmayer, Stephan. 2000. “The First Intermediate Period.” In The Oxford History of Ancient Egypt, edited by Ian Shaw, 108–36. Oxford: Oxford University Press. Seshat URL: https://www.zotero.org/groups/seshat_databank/items/itemKey/Z27D4GXQ $ (Seidlmayer 2000, 124) Seidlmayer, Stephan. 2000. “The First Intermediate Period.” In The Oxford History of Ancient Egypt, edited by Ian Shaw, 108–36. Oxford: Oxford University Press. Seshat URL: https://www.zotero.org/groups/seshat_databank/items/itemKey/Z27D4GXQ.",
Upper Egypt,Pharaonic_Egypt,Period of the Regions,EgRegns,Intef III / Nakjtnebtepnefer,Mentuhotep II / Nebhepetra,A*,1,-2063,-2055,A,A,A,A,A,A,A,A,,"Intef III succeeded his father and extended Theban control even further north, 'almost to Asyut' (Clayton 1994, 73). He faced opposition from the Herakleopolitan elite in the north (Willems 2010, 81) His successor Mentuhotep II was probably his son, so he seems unlikely to have been overturned (Callender 2000, 139)","(Shaw 2000) Shaw, Ian. 2000. “Chronology.” In The Oxford History of Ancient Egypt, edited by Ian Shaw, 480–89. Oxford: Oxford University Press. Seshat URL: https://www.zotero.org/groups/seshat_databank/items/itemKey/48FRNB9P $ (Morby and Rozier 2014) Morby, John E., and Charlie Rozier. 2014. Dynasties of the World. 2nd ed., online edition. Oxford: Oxford University Press. DOI: 10.1093/acref/9780191780073.001.0001. Seshat URL: https://www.zotero.org/groups/seshat_databank/items/itemKey/3C5IVS6E $ (Clayton 1994, 72-73) Clayton, Peter A. 1994. Chronicle of the Pharaohs: The Reign-by-Reign Record of the Rulers and Dynasties of Ancient Egypt. London: Thames and Hudson. Seshat URL: https://www.zotero.org/groups/seshat_databank/items/itemKey/N9DP44W9 $ (Seidlmayer 2000, 125-26, 133) Seidlmayer, Stephan. 2000. “The First Intermediate Period.” In The Oxford History of Ancient Egypt, edited by Ian Shaw, 108–36. Oxford: Oxford University Press. Seshat URL: https://www.zotero.org/groups/seshat_databank/items/itemKey/Z27D4GXQ $ (Willems 2010, 81) Willems, Harco. 2010. “The First Intermediate Period and the Middle Kingdom.” In , edited by Alan B. Lloyd, 81–100. Chichester: Wiley-Blackwell. Seshat URL: https://www.zotero.org/groups/seshat_databank/items/itemKey/UP9SMB4T $ (Callender 2000, 139) Callender, Gae. 2000. “The Middle Kingdom Renaissance (2055-1650 BC).” In The Oxford History of Ancient Egypt, edited by Ian Shaw, 148–83. Oxford: Oxford University Press. Seshat URL: https://www.zotero.org/groups/seshat_databank/items/itemKey/N5PCARXM.",
Upper Egypt,Pharaonic_Egypt,Period of the Regions,EgRegns,Mentuhotep II / Nebhepetra,Mentuhotep III / Sankhkara,U*,1,-2055,-2004,A,A,A,A,A,A,A,A,,"Mentuhotep II was the first Eleventh-Dynasty king to unify both Lower and Upper Egypt under his rule (Clayton 1994, 73-74). He faced both elite and popular opposition, including an uprising by the Thinite nome in the 14th year of his reign (Clayton 1994, 73-74). Stability characterized the latter part of his reign and he was able to pass the throne to his son Mentuhotep III (Clayton 1994, 75).","(Shaw 2000) Shaw, Ian. 2000. “Chronology.” In The Oxford History of Ancient Egypt, edited by Ian Shaw, 480–89. Oxford: Oxford University Press. Seshat URL: https://www.zotero.org/groups/seshat_databank/items/itemKey/48FRNB9P $ (Morby and Rozier 2014) Morby, John E., and Charlie Rozier. 2014. Dynasties of the World. 2nd ed., online edition. Oxford: Oxford University Press. DOI: 10.1093/acref/9780191780073.001.0001. Seshat URL: https://www.zotero.org/groups/seshat_databank/items/itemKey/3C5IVS6E $ (Clayton 1994, 73-75) Clayton, Peter A. 1994. Chronicle of the Pharaohs: The Reign-by-Reign Record of the Rulers and Dynasties of Ancient Egypt. London: Thames and Hudson. Seshat URL: https://www.zotero.org/groups/seshat_databank/items/itemKey/N9DP44W9.",
Upper Egypt,Greco-Roman_Egypt,Ptolemaic Kingdom,EgPtol1,Ptolemy I Soter,Ptolemy II Philadelphos,A,1,-305,-282,A,A,A,A,A,A,A,A,,"Ptolemy I was one of Alexander the Great's trusted generals, and after his death he served as satrap in Egypt for the Macedonian king's two successors (Clayton 1994, 208). In the face of opposition from other diadochi (followers) of Alexander, in 305 BCE he declared himself king of an independent Egypt (Lloyd 2000, 389). When he died, the throne passed to his son and chosen heir Ptolemy II (Clayton 1994, 210).","(Lloyd 2010, xli) Lloyd, Alan B. 2010. “Chronology.” In A Companion to Ancient Egypt, edited by Alan B. Lloyd, 1:xxxii – xliii. Chichester: Wiley-Blackwell. Seshat URL: https://www.zotero.org/groups/seshat_databank/items/itemKey/R95E4VDR $ (Clayton 1994, 209-11) Clayton, Peter A. 1994. Chronicle of the Pharaohs: The Reign-by-Reign Record of the Rulers and Dynasties of Ancient Egypt. London: Thames and Hudson. Seshat URL: https://www.zotero.org/groups/seshat_databank/items/itemKey/N9DP44W9 $ (Lloyd 2000, 389) Lloyd, Alan B. 2000. “The Ptolemaic Period (332-30 BC).” In The Oxford History of Ancient Egypt, edited by Ian Shaw, 388–413. Oxford: Oxford University Press. Seshat URL: https://www.zotero.org/groups/seshat_databank/items/itemKey/XRS8SAQD. $ (Morkot 2010) Morkot, Robert. 2010. The A to Z of Ancient Egyptian Warfare. Lanham, MD: Rowman & Littlefield. Seshat URL: https://www.zotero.org/groups/seshat_databank/items/itemKey/AHFJE5Z2.",
Upper Egypt,Greco-Roman_Egypt,Ptolemaic Kingdom,EgPtol1,Ptolemy II Philadelphos,Ptolemy III Euergetes I,P,1,-282,-246,A,A,A,A,A,A,A,A,,"Ptolemy II inherited the throne from his father and enjoyed a stable reign (Clayton 1994, 2010). However, he did face a mutiny by mercenary Gauls (Morkot 2010). When he died, rule passed to his son Ptolemy III (Clayton 1994, 2010).","(Lloyd 2010, xl) Lloyd, Alan B. 2010. “Chronology.” In A Companion to Ancient Egypt, edited by Alan B. Lloyd, 1:xxxii – xliii. Chichester: Wiley-Blackwell. Seshat URL: https://www.zotero.org/groups/seshat_databank/items/itemKey/R95E4VDR $ (Clayton 1994, 209-11) Clayton, Peter A. 1994. Chronicle of the Pharaohs: The Reign-by-Reign Record of the Rulers and Dynasties of Ancient Egypt. London: Thames and Hudson. Seshat URL: https://www.zotero.org/groups/seshat_databank/items/itemKey/N9DP44W9 $ (Morkot 2010) Morkot, Robert. 2010. The A to Z of Ancient Egyptian Warfare. Lanham, MD: Rowman & Littlefield. Seshat URL: https://www.zotero.org/groups/seshat_databank/items/itemKey/AHFJE5Z2.",
Upper Egypt,Greco-Roman_Egypt,Ptolemaic Kingdom,EgPtol1,Ptolemy III Euergetes I,Ptolemy IV Philopator,P,1,-246,-221,A,A,A,A,A,A,A,A,,"Ptolemy III put down a general uprising in Egypt around 246-245 BCE (Morkot 2010). When he died he was succeeded by his eldest son Ptolemy IV (Clayton 1994, 211).","(Lloyd 2010, xl) Lloyd, Alan B. 2010. “Chronology.” In A Companion to Ancient Egypt, edited by Alan B. Lloyd, 1:xxxii – xliii. Chichester: Wiley-Blackwell. Seshat URL: https://www.zotero.org/groups/seshat_databank/items/itemKey/R95E4VDR $ (Clayton 1994, 210-11) Clayton, Peter A. 1994. Chronicle of the Pharaohs: The Reign-by-Reign Record of the Rulers and Dynasties of Ancient Egypt. London: Thames and Hudson. Seshat URL: https://www.zotero.org/groups/seshat_databank/items/itemKey/N9DP44W9 $ (Morkot 2010) Morkot, Robert. 2010. The A to Z of Ancient Egyptian Warfare. Lanham, MD: Rowman & Littlefield. Seshat URL: https://www.zotero.org/groups/seshat_databank/items/itemKey/AHFJE5Z2.",
Upper Egypt,Greco-Roman_Egypt,Ptolemaic Kingdom,EgPtol1,Ptolemy IV Philopator,Ptolemy V Epiphanes,P,1,-221,-204,P,P,P,A*,A*,A,A,A,,"Ptolemy IV executed both his mother and brother soon after he came to the throne. During his reign there were 'revolts' in Egypt (Clayton 1994, 211). He may have been assassinated by his lover Agathoclea and her brother Agathocles. The throne passed to his son Ptolemy V (Clayton 1994, 211).","(Lloyd 2010, xl) Lloyd, Alan B. 2010. “Chronology.” In A Companion to Ancient Egypt, edited by Alan B. Lloyd, 1:xxxii – xliii. Chichester: Wiley-Blackwell. Seshat URL: https://www.zotero.org/groups/seshat_databank/items/itemKey/R95E4VDR $ (Clayton 1994, 210-11) Clayton, Peter A. 1994. Chronicle of the Pharaohs: The Reign-by-Reign Record of the Rulers and Dynasties of Ancient Egypt. London: Thames and Hudson. Seshat URL: https://www.zotero.org/groups/seshat_databank/items/itemKey/N9DP44W9. $ (Lloyd 2000, 410) Lloyd, Alan B. 2000. “The Ptolemaic Period (332-30 BC).” In The Oxford History of Ancient Egypt, edited by Ian Shaw, 388–413. Oxford: Oxford University Press. Seshat URL: https://www.zotero.org/groups/seshat_databank/items/itemKey/XRS8SAQD.",
Upper Egypt,Greco-Roman_Egypt,Ptolemaic Kingdom,EgPtol2,Ptolemy V Epiphanes,Ptolemy VI Philometor,A,1,-204,-180,A,A,A,A,A,A,A,A,,"There was intra-elite conflict during Ptolemy V's reign between the 'conspirators' who may have been responsible for the murder of Ptolemy IV (but who had appointed themselves as the young king's guardians) and the 'popular general Tlepolemus' (Clayton 1994, 211). The 'Alexandrian mob' was responsible for lynching Agathocles, one of the conspirators (Lloyd 2000, 410). When Ptolemy V died the throne passed to his eldest son Ptolemy VI (Clayton 1994, 211).","(Lloyd 2010, xli) Lloyd, Alan B. 2010. “Chronology.” In A Companion to Ancient Egypt, edited by Alan B. Lloyd, 1:xxxii – xliii. Chichester: Wiley-Blackwell. Seshat URL: https://www.zotero.org/groups/seshat_databank/items/itemKey/R95E4VDR $ (Clayton 1994, 210-13) Clayton, Peter A. 1994. Chronicle of the Pharaohs: The Reign-by-Reign Record of the Rulers and Dynasties of Ancient Egypt. London: Thames and Hudson. Seshat URL: https://www.zotero.org/groups/seshat_databank/items/itemKey/N9DP44W9 $ (Lloyd 2000, 410-11) Lloyd, Alan B. 2000. “The Ptolemaic Period (332-30 BC).” In The Oxford History of Ancient Egypt, edited by Ian Shaw, 388–413. Oxford: Oxford University Press. Seshat URL: https://www.zotero.org/groups/seshat_databank/items/itemKey/XRS8SAQD. $ (Morkot 2010, 179) Morkot, Robert. 2010. The A to Z of Ancient Egyptian Warfare. Lanham, MD: Rowman & Littlefield. Seshat URL: https://www.zotero.org/groups/seshat_databank/items/itemKey/AHFJE5Z2.",https://www.zotero.org/groups/1051264/seshat_databank/items/3C5IVS6E
Upper Egypt,Greco-Roman_Egypt,Ptolemaic Kingdom,EgPtol2,Ptolemy VI Philometor,Ptolemy VII Neos Philopator,P,1,-180,-145,P,P*,P,A,A,A,A,P*,,"Clayton (1994, 211) describes two 'greedy officials, Eulaeus and Lenaeus', influencing the young king Ptolemy VI. When Ptolemy VI was taken prisoner by Antiochus IV of the Seleucid Empire, his younger brother was declared king as Ptolemy VII, but the latter never ruled over Egypt independently (Clayton 1994, 212; Lloyd 2010, xli). There was a long civil war between Ptolemy VI and his brother Ptolemy VIII, which 'frequently involved the actions of the [Alexandrian] mob' (Lloyd 2000, 411). There was also a rebellion at Thebes during Ptolemy VI's reign (Morkot 2010, 179). In 145 BCE, the king received a fatal wound in a battle in Syria (Clayton 1994, 212). The kingship then passed to his son Ptolemy VII (Clayton 1994, 213).","(Lloyd 2010, xli) Lloyd, Alan B. 2010. “Chronology.” In A Companion to Ancient Egypt, edited by Alan B. Lloyd, 1:xxxii – xliii. Chichester: Wiley-Blackwell. Seshat URL: https://www.zotero.org/groups/seshat_databank/items/itemKey/R95E4VDR $ (Clayton 1994, 211-13) Clayton, Peter A. 1994. Chronicle of the Pharaohs: The Reign-by-Reign Record of the Rulers and Dynasties of Ancient Egypt. London: Thames and Hudson. Seshat URL: https://www.zotero.org/groups/seshat_databank/items/itemKey/N9DP44W9 $ (Lloyd 2000, 411) Lloyd, Alan B. 2000. “The Ptolemaic Period (332-30 BC).” In The Oxford History of Ancient Egypt, edited by Ian Shaw, 388–413. Oxford: Oxford University Press. Seshat URL: https://www.zotero.org/groups/seshat_databank/items/itemKey/XRS8SAQD $ (Morkot 2010, 179) Morkot, Robert. 2010. The A to Z of Ancient Egyptian Warfare. Lanham, MD: Rowman & Littlefield. Seshat URL: https://www.zotero.org/groups/seshat_databank/items/itemKey/AHFJE5Z2.",https://www.zotero.org/groups/1051264/seshat_databank/items/3C5IVS6E
Upper Egypt,Greco-Roman_Egypt,Ptolemaic Kingdom,EgPtol2,Ptolemy VIII Euergetes II,Ptolemy IX Soter II,U*,1,-170,-116,U*,U*,U*,U*,U*,U*,A,U*,,"(Ptolemy VI and Ptolemy VIII needs more work. Transition was contested, whenever we consider this to be - reign start date needs to be looked at again, perhaps the order of kingship. The entire period is complicated by the long civil war with Ptolemy VI. If coded as multiple reigns, in one reign Ptolemy VIII was overthrown.). Ptolemy VIII came to the throne after murdering his nephew and stepson Ptolemy VII (Clayton 1994, 213-14). There was a long civil war between Ptolemy VI and his brother Ptolemy VIII, which 'frequently involved the actions of the [Alexandrian] mob' (Lloyd 2000, 411). Ptolemy VIII was forced to flee the Alexandrian mob to Cyprus but then successfully reinvaded Egypt and survived as king of Egypt until 116 BCE (Clayton 1994, 214). Harsiesis, a rebel king, also launched a separatist rebellion in Thebes (Morkot 2010, 180). Morkot (2010, 180) mentions 'military actions throughout the country' during the civil war between Ptolemy VIII and Cleopatra II, but does not specify whether these were led by soldiers or by different elites commanding troops. When Ptolemy VIII died, the throne passed to his daughter Cleopatra III ruling jointly with her eldest son, Ptolemy IX Soter II.","(Lloyd 2010, xli) Lloyd, Alan B. 2010. “Chronology.” In A Companion to Ancient Egypt, edited by Alan B. Lloyd, 1:xxxii – xliii. Chichester: Wiley-Blackwell. Seshat URL: https://www.zotero.org/groups/seshat_databank/items/itemKey/R95E4VDR $ (Clayton 1994, 213-14) Clayton, Peter A. 1994. Chronicle of the Pharaohs: The Reign-by-Reign Record of the Rulers and Dynasties of Ancient Egypt. London: Thames and Hudson. Seshat URL: https://www.zotero.org/groups/seshat_databank/items/itemKey/N9DP44W9 $ (Lloyd 2000, 411) Lloyd, Alan B. 2000. “The Ptolemaic Period (332-30 BC).” In The Oxford History of Ancient Egypt, edited by Ian Shaw, 388–413. Oxford: Oxford University Press. Seshat URL: https://www.zotero.org/groups/seshat_databank/items/itemKey/XRS8SAQD.",https://www.zotero.org/groups/1051264/seshat_databank/items/3C5IVS6E
Upper Egypt,Greco-Roman_Egypt,Ptolemaic Kingdom,EgPtol2,Ptolemy VII Neos Philopator,Ptolemy VIII Euergetes II,P,1,-145,-145,P,P,P,U*,P*,U*,A,U*,Assassination of Ptolemy VII Neos Philopator,"Not all sources consider Ptolemy VII to have had a real reign. He was young when his father died and was soon murdered by his stepfather and uncle Ptolemy Euergetes (Clayton 1994, 213). Ptolemy Euergetes then ascended the throne as Ptolemy VIII Euergetes II (Clayton 1994, 214).","(Lloyd 2010, xli) Lloyd, Alan B. 2010. “Chronology.” In A Companion to Ancient Egypt, edited by Alan B. Lloyd, 1:xxxii – xliii. Chichester: Wiley-Blackwell. Seshat URL: https://www.zotero.org/groups/seshat_databank/items/itemKey/R95E4VDR $ (Clayton 1994, 211-14) Clayton, Peter A. 1994. Chronicle of the Pharaohs: The Reign-by-Reign Record of the Rulers and Dynasties of Ancient Egypt. London: Thames and Hudson. Seshat URL: https://www.zotero.org/groups/seshat_databank/items/itemKey/N9DP44W9. $ (Lloyd 2000, 411) Lloyd, Alan B. 2000. “The Ptolemaic Period (332-30 BC).” In The Oxford History of Ancient Egypt, edited by Ian Shaw, 388–413. Oxford: Oxford University Press. Seshat URL: https://www.zotero.org/groups/seshat_databank/items/itemKey/XRS8SAQD.",https://www.zotero.org/groups/1051264/seshat_databank/items/3C5IVS6E
Upper Egypt,Greco-Roman_Egypt,Ptolemaic Kingdom,EgPtol2,Ptolemy IX Soter II,Ptolemy X Alexander I,P,1,-116,-107,P,A*,P,A,A,A,A,A,Expulsion of Ptolemy IX,"Ptolemy IX, the eldest (but not favourite) son of Cleopatra III, the daughter of Ptolemy VIII, ruled jointly with his mother (Clayton 1994, 214). In 106 BCE he 'fled to Cyprus because he had been accused of plotting to murder his mother' (Clayton 1994, 214).","(Lloyd 2010, xli) Lloyd, Alan B. 2010. “Chronology.” In A Companion to Ancient Egypt, edited by Alan B. Lloyd, 1:xxxii – xliii. Chichester: Wiley-Blackwell. Seshat URL: https://www.zotero.org/groups/seshat_databank/items/itemKey/R95E4VDR $ (Clayton 1994, 214) Clayton, Peter A. 1994. Chronicle of the Pharaohs: The Reign-by-Reign Record of the Rulers and Dynasties of Ancient Egypt. London: Thames and Hudson. Seshat URL: https://www.zotero.org/groups/seshat_databank/items/itemKey/N9DP44W9. $ (Morkot 2010, 180) Morkot, Robert. 2010. The A to Z of Ancient Egyptian Warfare. Lanham, MD: Rowman & Littlefield. Seshat URL: https://www.zotero.org/groups/seshat_databank/items/itemKey/AHFJE5Z2.",https://www.zotero.org/groups/1051264/seshat_databank/items/3C5IVS6E
Upper Egypt,Greco-Roman_Egypt,Ptolemaic Kingdom,EgPtol2,Ptolemy X Alexander I,Ptolemy IX Soter II,P,1,-107,-88,P,P,U*,P,P,A*,A,A,,"Ptolemy X ruled jointly with his mother Cleopatra III (Clayton 1994, 214). In In 88 BCE, the Egyptian people, including sections of the military and the Greek population of Alexandria, 'turned against him' and he was killed at sea (Clayton 1994, 214; Morkot 2010, 180). His brother returned from hiding and assumed the throne for his second reign (Clayton 1994, 214).","(Lloyd 2010, xli) Lloyd, Alan B. 2010. “Chronology.” In A Companion to Ancient Egypt, edited by Alan B. Lloyd, 1:xxxii – xliii. Chichester: Wiley-Blackwell. Seshat URL: https://www.zotero.org/groups/seshat_databank/items/itemKey/R95E4VDR $ (Clayton 1994, 214-15) Clayton, Peter A. 1994. Chronicle of the Pharaohs: The Reign-by-Reign Record of the Rulers and Dynasties of Ancient Egypt. London: Thames and Hudson. Seshat URL: https://www.zotero.org/groups/seshat_databank/items/itemKey/N9DP44W9 $ (Morkot 2010, 180) Morkot, Robert. 2010. The A to Z of Ancient Egyptian Warfare. Lanham, MD: Rowman & Littlefield. Seshat URL: https://www.zotero.org/groups/seshat_databank/items/itemKey/AHFJE5Z2.",https://www.zotero.org/groups/1051264/seshat_databank/items/3C5IVS6E
Upper Egypt,Greco-Roman_Egypt,Ptolemaic Kingdom,EgPtol2,Ptolemy IX Soter II,Ptolemy XI Alexander II,P,2,-88,-81,A,A,A,A,A,A,A,A,,"After his brother Ptolemy X was murdered by the 'mob' (Lloyd 2000, 411), Ptolemy IX was able to return and claim the throne (Clayton 1994, 214). He faced a separatist rebellion in the Thebaid (Morkot 2010, 180). Because he had no legitimate male heirs, he left the throne to his daughter Berenice, who had been married to Ptolemy XI (Clayton 1994, 214).","(Lloyd 2010, xli) Lloyd, Alan B. 2010. “Chronology.” In A Companion to Ancient Egypt, edited by Alan B. Lloyd, 1:xxxii – xliii. Chichester: Wiley-Blackwell. Seshat URL: https://www.zotero.org/groups/seshat_databank/items/itemKey/R95E4VDR $ (Clayton 1994, 214-15) Clayton, Peter A. 1994. Chronicle of the Pharaohs: The Reign-by-Reign Record of the Rulers and Dynasties of Ancient Egypt. London: Thames and Hudson. Seshat URL: https://www.zotero.org/groups/seshat_databank/items/itemKey/N9DP44W9 $ (Morkot 2010, 180) Morkot, Robert. 2010. The A to Z of Ancient Egyptian Warfare. Lanham, MD: Rowman & Littlefield. Seshat URL: https://www.zotero.org/groups/seshat_databank/items/itemKey/AHFJE5Z2.",https://www.zotero.org/groups/1051264/seshat_databank/items/3C5IVS6E
Upper Egypt,Greco-Roman_Egypt,Ptolemaic Kingdom,EgPtol2,Ptolemy XI Alexander II,Ptolemy XII Neos Dionysos,P,1,-80,-80,P,P,P,U*,P,A,A,A,Assassination of Cleopatra Berenice; Alexandrian Riot,"Ptolemy XI married Ptolemy X's daughter Berenice and ascended to the throne, but had his wife murdered within days of their wedding and was subsequently 'lynched after a 19-day reign' (Clayton 1994, 214-15). His son by a concubine inherited the throne, becoming Ptolemy XII (Clayton 1994, 215).","(Lloyd 2010, xli) Lloyd, Alan B. 2010. “Chronology.” In A Companion to Ancient Egypt, edited by Alan B. Lloyd, 1:xxxii – xliii. Chichester: Wiley-Blackwell. Seshat URL: https://www.zotero.org/groups/seshat_databank/items/itemKey/R95E4VDR $ (Clayton 1994, 215) Clayton, Peter A. 1994. Chronicle of the Pharaohs: The Reign-by-Reign Record of the Rulers and Dynasties of Ancient Egypt. London: Thames and Hudson. Seshat URL: https://www.zotero.org/groups/seshat_databank/items/itemKey/N9DP44W9. $ (Morkot 2010, 180) Morkot, Robert. 2010. The A to Z of Ancient Egyptian Warfare. Lanham, MD: Rowman & Littlefield. Seshat URL: https://www.zotero.org/groups/seshat_databank/items/itemKey/AHFJE5Z2.",https://www.zotero.org/groups/1051264/seshat_databank/items/3C5IVS6E
Upper Egypt,Greco-Roman_Egypt,Ptolemaic Kingdom,EgPtol2,Ptolemy XII Neos Dionysos,Queen Berenice IV,P,1,-80,-58,P,A,A,A,P,A,A,A,,"Ptolemy XII was 'driven out' of Egypt by the people (Clayton 1994, 215). While he was plotting to invade and seize back the throne with the help of the Romans, his daughter Berenice acquired a male consort and became queen (Clayton 1994, 215).","(Lloyd 2010, xli) Lloyd, Alan B. 2010. “Chronology.” In A Companion to Ancient Egypt, edited by Alan B. Lloyd, 1:xxxii – xliii. Chichester: Wiley-Blackwell. Seshat URL: https://www.zotero.org/groups/seshat_databank/items/itemKey/R95E4VDR $ (Clayton 1994, 213, 215) Clayton, Peter A. 1994. Chronicle of the Pharaohs: The Reign-by-Reign Record of the Rulers and Dynasties of Ancient Egypt. London: Thames and Hudson. Seshat URL: https://www.zotero.org/groups/seshat_databank/items/itemKey/N9DP44W9 $ (Morkot 2010, 180) Morkot, Robert. 2010. The A to Z of Ancient Egyptian Warfare. Lanham, MD: Rowman & Littlefield. Seshat URL: https://www.zotero.org/groups/seshat_databank/items/itemKey/AHFJE5Z2.",https://www.zotero.org/groups/1051264/seshat_databank/items/3C5IVS6E
Upper Egypt,Greco-Roman_Egypt,Ptolemaic Kingdom,EgPtol2,Queen Berenice IV,Ptolemy XII Neos Dionysos,P,1,-58,-55,P,P,P*,P*,P*,U*,A,P*,,"When an uprising forced Ptolemy XII to flee Egypt, his daughter Berenice took a male consort and ascended to the throne (Clayton 1994, 215). She then almost immediately had her husband strangled and married Archelaus (Clayton 1994, 215). She faced elite opposition from her own father, who was plotting with the Romans to invade Egypt and retake the throne; he did so in 55 BCE and she was murdered (Clayton 1994, 215).","(Lloyd 2010, xli) Lloyd, Alan B. 2010. “Chronology.” In A Companion to Ancient Egypt, edited by Alan B. Lloyd, 1:xxxii – xliii. Chichester: Wiley-Blackwell. Seshat URL: https://www.zotero.org/groups/seshat_databank/items/itemKey/R95E4VDR $ (Clayton 1994, 213, 215-16) Clayton, Peter A. 1994. Chronicle of the Pharaohs: The Reign-by-Reign Record of the Rulers and Dynasties of Ancient Egypt. London: Thames and Hudson. Seshat URL: https://www.zotero.org/groups/seshat_databank/items/itemKey/N9DP44W9. $ (Lloyd 2000, 413) Lloyd, Alan B. 2000. “The Ptolemaic Period (332-30 BC).” In The Oxford History of Ancient Egypt, edited by Ian Shaw, 388–413. Oxford: Oxford University Press. Seshat URL: https://www.zotero.org/groups/seshat_databank/items/itemKey/XRS8SAQD.",https://www.zotero.org/groups/1051264/seshat_databank/items/3C5IVS6E
Upper Egypt,Greco-Roman_Egypt,Ptolemaic Kingdom,EgPtol2,Ptolemy XII Neos Dionysos,Queen Cleopatra VII,U*,2,-55,-51,A,A,U*,U*,U*,U*,A,U*,Egyptian unrest,"With Roman assistance, the exiled Ptolemy XII invaded Egypt and ascended to the throne for a second time (Clayton 1994, 215). His daughter Berenice was captured and killed (Clayton 1994, 215). As well as dynastic conflict, he also faced opposition from the people of Alexandria (Lloyd 2000, 413). He left the throne to his daughter Cleopatra VII 'with the injunction that she should marry the elder of her two brothers, Ptolemy XIII' (Clayton 1994, 216).","(Lloyd 2010, xli) Lloyd, Alan B. 2010. “Chronology.” In A Companion to Ancient Egypt, edited by Alan B. Lloyd, 1:xxxii – xliii. Chichester: Wiley-Blackwell. Seshat URL: https://www.zotero.org/groups/seshat_databank/items/itemKey/R95E4VDR $ (Clayton 1994, 213, 215-17) Clayton, Peter A. 1994. Chronicle of the Pharaohs: The Reign-by-Reign Record of the Rulers and Dynasties of Ancient Egypt. London: Thames and Hudson. Seshat URL: https://www.zotero.org/groups/seshat_databank/items/itemKey/N9DP44W9 $ (Lloyd 2000, 413) Lloyd, Alan B. 2000. “The Ptolemaic Period (332-30 BC).” In The Oxford History of Ancient Egypt, edited by Ian Shaw, 388–413. Oxford: Oxford University Press. Seshat URL: https://www.zotero.org/groups/seshat_databank/items/itemKey/XRS8SAQD. $ (Shaw 2000, 488) Shaw, Ian. 2000. “Chronology.” In The Oxford History of Ancient Egypt, edited by Ian Shaw, 480–89. Oxford: Oxford University Press. Seshat URL: https://www.zotero.org/groups/seshat_databank/items/itemKey/48FRNB9P",https://www.zotero.org/groups/1051264/seshat_databank/items/3C5IVS6E
Upper Egypt,Greco-Roman_Egypt,Ptolemaic Kingdom,EgPtol2,Queen Cleopatra VII,Ptolemy XIII,P,1,-51,-30,P,P,P,A*,A*,A*,A*,P,War between Cleopatra VII and Ptolemy III; Assassination of Ptolemy XIV,"(Queen was overthrown - code suicide as assassination?). Cleopatra VII faced opposition from her own brother Ptolemy XIII, who plotted with palace courtiers to overthrow her (Clayton 1994, 216). After his death by drowning, she married her younger brother Ptolemy XIV. After he in turn died, her son by Caesar, Ptolemy XV, came to the throne as co-ruler. When the Roman emperor Octavian invaded Egypt in 30 BCE, she committed suicide, ushering in the Roman period of Egyptian history (Clayton 1994, 217). Her suicide was precipitated by the Roman invasion.","(Shaw 2000, 488) Shaw, Ian. 2000. “Chronology.” In The Oxford History of Ancient Egypt, edited by Ian Shaw, 480–89. Oxford: Oxford University Press. Seshat URL: https://www.zotero.org/groups/seshat_databank/items/itemKey/48FRNB9P $ (Clayton 1994, 216-17) Clayton, Peter A. 1994. Chronicle of the Pharaohs: The Reign-by-Reign Record of the Rulers and Dynasties of Ancient Egypt. London: Thames and Hudson. Seshat URL: https://www.zotero.org/groups/seshat_databank/items/itemKey/N9DP44W9",https://www.zotero.org/groups/1051264/seshat_databank/items/3C5IVS6E
Upper Egypt,Greco-Roman_Egypt,Ptolemaic Kingdom,EgPtol2,Ptolemy XIII,Ptolemy XIV,P,1,-51,-47,P,P,U*,U*,U*,U*,A*,P,,"Although Ptolemy XII's intention was that his daughter Cleopatra VII and Ptolemy XIII should marry and co-rule Egypt, the two in fact engaged in a civil war against each other (Clayton 1994, 216). Ptolemy XIII was killed in a battle against the Romans on the Pharos island and succeeded by his younger brother Ptolemy XIV, who also married Cleopatra VII (Clayton 1994, 216).","(Shaw 2000, 488) Shaw, Ian. 2000. “Chronology.” In The Oxford History of Ancient Egypt, edited by Ian Shaw, 480–89. Oxford: Oxford University Press. Seshat URL: https://www.zotero.org/groups/seshat_databank/items/itemKey/48FRNB9P $ (Clayton 1994, 216-17) Clayton, Peter A. 1994. Chronicle of the Pharaohs: The Reign-by-Reign Record of the Rulers and Dynasties of Ancient Egypt. London: Thames and Hudson. Seshat URL: https://www.zotero.org/groups/seshat_databank/items/itemKey/N9DP44W9 $ (Graves-Brown 2010, 158) Graves-Brown, Carolyn. 2010. Dancing for Hathor: Women in Ancient Egypt. London: Continuum. Seshat URL: https://www.zotero.org/groups/seshat_databank/items/itemKey/2ZA3ANZE.",https://www.zotero.org/groups/1051264/seshat_databank/items/3C5IVS6E
Upper Egypt,Greco-Roman_Egypt,Ptolemaic Kingdom,EgPtol2,Ptolemy XIV,Ptolemy XV Caesarion,P,1,-47,-44,P,P*,P*,U*,U*,U*,A*,U*,Assassination of Ptolemy XIV,"Ptolemy XIV married his sister Cleopatra VII to become co-ruler of Egypt (Clayton 1994, 216). He died young, 'possibly' assassinated, and was replaced as Cleopatra's coruler by her son by Julius Caesar, Ptolemy XV (Graves-Brown 2010, 158).","(Shaw 2000, 488) Shaw, Ian. 2000. “Chronology.” In The Oxford History of Ancient Egypt, edited by Ian Shaw, 480–89. Oxford: Oxford University Press. Seshat URL: https://www.zotero.org/groups/seshat_databank/items/itemKey/48FRNB9P $ (Clayton 1994, 216) Clayton, Peter A. 1994. Chronicle of the Pharaohs: The Reign-by-Reign Record of the Rulers and Dynasties of Ancient Egypt. London: Thames and Hudson. Seshat URL: https://www.zotero.org/groups/seshat_databank/items/itemKey/N9DP44W9 $ (Graves-Brown 2010, 158) Graves-Brown, Carolyn. 2010. Dancing for Hathor: Women in Ancient Egypt. London: Continuum. Seshat URL: https://www.zotero.org/groups/seshat_databank/items/itemKey/2ZA3ANZE. $ (Encyclopaedia Britannica 2017) Encyclopaedia Britannica. 2017. 'Ptolemy XIV Theos Philopator II'. https://www.britannica.com/biography/Ptolemy-XIV-Theos-Philopator-II, accessed 8 June 2017.",https://www.zotero.org/groups/1051264/seshat_databank/items/3C5IVS6E
Upper Egypt,Greco-Roman_Egypt,Ptolemaic Kingdom,EgPtol2,Ptolemy XV Caesarion,end of polity,P,1,-44,-30,P,P,U*,U*,U*,U*,P,P,,"(No evidence for transition contest. Circumstances possibly dubious so coded unknown. King was overthrown). Ptolemy XV was Cleopatra VII's son by Julius Caesar (Clayton 1994, 216). She took him as coruler after her brother and husband Ptolemy XIV died (possibly assassinated) (Graves-Brown 2010, 158). The Roman emperor Octavian invaded Egypt in 30 BCE and killed Ptolemy XV after Cleopatra's suicide (Clayton 1994, 217; Encyclopaedia Britannica 2017).","(Shaw 2000, 488) Shaw, Ian. 2000. “Chronology.” In The Oxford History of Ancient Egypt, edited by Ian Shaw, 480–89. Oxford: Oxford University Press. Seshat URL: https://www.zotero.org/groups/seshat_databank/items/itemKey/48FRNB9P $ (Clayton 1994, 216) Clayton, Peter A. 1994. Chronicle of the Pharaohs: The Reign-by-Reign Record of the Rulers and Dynasties of Ancient Egypt. London: Thames and Hudson. Seshat URL: https://www.zotero.org/groups/seshat_databank/items/itemKey/N9DP44W9 $ (Graves-Brown 2010, 158) Graves-Brown, Carolyn. 2010. Dancing for Hathor: Women in Ancient Egypt. London: Continuum. Seshat URL: https://www.zotero.org/groups/seshat_databank/items/itemKey/2ZA3ANZE $ (Encyclopaedia Britannica 2017) Encyclopaedia Britannica. 2017. 'Ptolemy XIV Theos Philopator II'. https://www.britannica.com/biography/Ptolemy-XIV-Theos-Philopator-II, accessed 8 June 2017. $ (Morby and Rozier 2014) Morby, John E., and Charlie Rozier. 2014. Dynasties of the World. 2nd ed., online edition. Oxford: Oxford University Press. DOI: 10.1093/acref/9780191780073.001.0001. Seshat URL: https://www.zotero.org/groups/seshat_databank/items/itemKey/3C5IVS6E $ (Myers 2006, 442) Myers, K. Sara. 2006. “Imperial Poetry.” In A Companion to the Roman Empire, edited by David S. Potter, 439–52. Chichester: Wiley-Blackwell. Seshat URL: https://www.zotero.org/groups/seshat_databank/items/itemKey/W9MTRUWN $ (Scarre 1995, 16-27) Scarre, Chris. 1995. Chronicle of the Roman Emperors: The Reign-by-Reign Record of the Rulers of Imperial Rome. London: Thames and Hudson. Seshat URL https://www.zotero.org/groups/seshat_databank/items/itemKey/MH36VBKS $ (Garnsey 2014) Garnsey, Peter, and Richard Saller. 2014. The Roman Empire: Economy, Society, and Culture. 2nd ed. London: Bloomsbury AcademiSeshat URL: https://www.zotero.org/groups/seshat_databank/items/itemKey/4UGXH9WT.",https://www.zotero.org/groups/1051264/seshat_databank/items/3C5IVS6E
Upper Egypt,Pharaonic_Egypt,Thebes-Hyksos Period,EgThebH,Rahotep,Sobekemsaf I,U*,1,-1580,U*,U*,U*,U*,U*,U*,U*,U*,U*,,"Rahotep was the first king of the Theban Seventeenth Dynasty: he set about expanding the territory under his control (Bourriau 2000, 192). However, an 'uneasy truce' was maintained with the Hyksos kings in the north for the earlier part of the Seventeenth Dynasty (Clayton 1994, 95).","(Shaw 2000) Shaw, Ian. 2000. “Chronology.” In The Oxford History of Ancient Egypt, edited by Ian Shaw, 480–89. Oxford: Oxford University Press. Seshat URL: https://www.zotero.org/groups/seshat_databank/items/itemKey/48FRNB9P $ (Bourriau 2000, 192) Bourriau, Janine. 2000. “The Second Intermediate Period (1650-1550 BC).” In The Oxford History of Ancient Egypt, edited by Ian Shaw, 172–206. Oxford: Oxford University Press. https://books.google.ca/books?hl=en&lr=&id=-9ViUBNEVWkC&oi=fnd&pg=PA172&dq=The+Second+Intermediate+Period+(c.1650-1550+BC)&ots=pKiSTQ1yAj&sig=t3bHALzGVICc6SbP99rrcHzDpUc https://books.google.ca/books?hl=en&lr=&id=-9ViUBNEVWkC&oi=fnd&pg=PA172&dq=The+Second. Seshat URL: https://www.zotero.org/groups/seshat_databank/items/itemKey/A23VN8AF.",
Upper Egypt,Pharaonic_Egypt,Thebes-Hyksos Period,EgThebH,Taa / Senakhtenra / Seqenenra,Kamose,A,1,-1560,-1555,A,A,A,A,A,A,U*,U*,,"(Killed in battle against foreign enemy is not assassination. No evidence for a contested transition. Not external interference either unless the Hyksos were attempting to conquer the north. This battle may have been an attempt at an Egyptian conquest of the Delta region? Certainly cannot code external interference if the war the king is killed in is his own invasion). Unlike his Seventeenth-Dynasty predecessors, who had maintained an 'uneasy truce' with the Hyksos kings in the north (Clayton 1994, 95), Seqenenre fought campaigns attempting to expel the Fifteenth-Dynasty rulers (Clayton 1994, 97). Violent injuries to his skull indicate that he was likely killed in battle, presumably against Hyksos forces (Clayton 1994, 96). His successor Kamose may have been his son, but this is uncertain (Bourriau 2000, 199). The sources do not mention popular uprisings or elite conflicts within the area of Theban control.","(Shaw 2000) Shaw, Ian. 2000. “Chronology.” In The Oxford History of Ancient Egypt, edited by Ian Shaw, 480–89. Oxford: Oxford University Press. Seshat URL: https://www.zotero.org/groups/seshat_databank/items/itemKey/48FRNB9P $ (Clayton 1994, 95-97) Clayton, Peter A. 1994. Chronicle of the Pharaohs: The Reign-by-Reign Record of the Rulers and Dynasties of Ancient Egypt. London: Thames and Hudson. Seshat URL: https://www.zotero.org/groups/seshat_databank/items/itemKey/N9DP44W9.",
Upper Egypt,Pharaonic_Egypt,Thebes-Hyksos Period,EgThebH,Kamose,Ahmose / Nebpehtyra,A,1,-1555,-1550,A,A,A,A,A,A,A,A,,"Kamose may have been Seqenenre's son, but this is uncertain (Bourriau 2000, 199). He continued his predecessor's military campaigns against the Hyksos kings to the north (Clayton 1994, 97), but the sources do not mention general uprisings or elite rebellions against him within Theban territory. He died after only three years on the throne, but Bourriau (2000, 199) does not specify how. The throne then passed to his brother Ahmose I.","(Shaw 2000) Shaw, Ian. 2000. “Chronology.” In The Oxford History of Ancient Egypt, edited by Ian Shaw, 480–89. Oxford: Oxford University Press. Seshat URL: https://www.zotero.org/groups/seshat_databank/items/itemKey/48FRNB9P $ (Clayton 1994, 95-97) Clayton, Peter A. 1994. Chronicle of the Pharaohs: The Reign-by-Reign Record of the Rulers and Dynasties of Ancient Egypt. London: Thames and Hudson. Seshat URL: https://www.zotero.org/groups/seshat_databank/items/itemKey/N9DP44W9 $ (Bourriau 2000, 199) Bourriau, Janine. 2000. “The Second Intermediate Period (1650-1550 BC).” In The Oxford History of Ancient Egypt, edited by Ian Shaw, 172–206. Oxford: Oxford University Press. https://books.google.ca/books?hl=en&lr=&id=-9ViUBNEVWkC&oi=fnd&pg=PA172&dq=The+Second+Intermediate+Period+(c.1650-1550+BC)&ots=pKiSTQ1yAj&sig=t3bHALzGVICc6SbP99rrcHzDpUc https://books.google.ca/books?hl=en&lr=&id=-9ViUBNEVWkC&oi=fnd&pg=PA172&dq=The+Second. Seshat URL: https://www.zotero.org/groups/seshat_databank/items/itemKey/A23VN8AF.",
Upper Egypt,Pharaonic_Egypt,Thebes-Hyksos Period,EgThebH,Sobekemsaf I,Intef VI / Sekhemra,U*,1,U*,U*,U*,U*,U*,U*,U*,U*,U*,U*,,"The sources give no details about this ruler's accession or any contestations of his power. An 'uneasy truce' was maintained with the Hyksos kings in the north for the earlier part of the Seventeenth Dynasty (Clayton 1994, 95).","(Shaw 2000) Shaw, Ian. 2000. “Chronology.” In The Oxford History of Ancient Egypt, edited by Ian Shaw, 480–89. Oxford: Oxford University Press. Seshat URL: https://www.zotero.org/groups/seshat_databank/items/itemKey/48FRNB9P $ (Clayton 1994, 95-97) Clayton, Peter A. 1994. Chronicle of the Pharaohs: The Reign-by-Reign Record of the Rulers and Dynasties of Ancient Egypt. London: Thames and Hudson. Seshat URL: https://www.zotero.org/groups/seshat_databank/items/itemKey/N9DP44W9.",
Upper Egypt,Pharaonic_Egypt,Thebes-Hyksos Period,EgThebH,Intef VI / Sekhemra,Intef VII / Nubkheperra,U*,1,U*,U*,U*,U*,U*,U*,U*,U*,U*,U*,,"Intef VI may have been the son of his predecessor Sobekemsaf I (Bourriau 2000, 192). NB: Shaw (2000) lists 'Intef VI (Sekhemra)' and 'Intef VII (Nubkheperra)', but Bourriau (2000, 192) reverses these names (Intef VI Nubkheperra).","(Shaw 2000) Shaw, Ian. 2000. “Chronology.” In The Oxford History of Ancient Egypt, edited by Ian Shaw, 480–89. Oxford: Oxford University Press. Seshat URL: https://www.zotero.org/groups/seshat_databank/items/itemKey/48FRNB9P $ (Clayton 1994, 95-97) Clayton, Peter A. 1994. Chronicle of the Pharaohs: The Reign-by-Reign Record of the Rulers and Dynasties of Ancient Egypt. London: Thames and Hudson. Seshat URL: https://www.zotero.org/groups/seshat_databank/items/itemKey/N9DP44W9 $ (Bourriau 2000, 192) Bourriau, Janine. 2000. “The Second Intermediate Period (1650-1550 BC).” In The Oxford History of Ancient Egypt, edited by Ian Shaw, 172–206. Oxford: Oxford University Press. https://books.google.ca/books?hl=en&lr=&id=-9ViUBNEVWkC&oi=fnd&pg=PA172&dq=The+Second+Intermediate+Period+(c.1650-1550+BC)&ots=pKiSTQ1yAj&sig=t3bHALzGVICc6SbP99rrcHzDpUc https://books.google.ca/books?hl=en&lr=&id=-9ViUBNEVWkC&oi=fnd&pg=PA172&dq=The+Second. Seshat URL: https://www.zotero.org/groups/seshat_databank/items/itemKey/A23VN8AF.",
Upper Egypt,Pharaonic_Egypt,Thebes-Hyksos Period,EgThebH,Intef VII / Nubkheperra,Intef VIII / Sekhemraherhermaat,U*,1,U*,U*,U*,U*,U*,U*,U*,U*,U*,U*,,"Intef VII may have been the brother of his predecessor Intef VI (Bourriau 2000, 192). He is 'known only from his coffin' (Bourriau 2000, 192) and the details of his accession and reign are unclear.","(Shaw 2000) Shaw, Ian. 2000. “Chronology.” In The Oxford History of Ancient Egypt, edited by Ian Shaw, 480–89. Oxford: Oxford University Press. Seshat URL: https://www.zotero.org/groups/seshat_databank/items/itemKey/48FRNB9P $ (Clayton 1994, 95-97) Clayton, Peter A. 1994. Chronicle of the Pharaohs: The Reign-by-Reign Record of the Rulers and Dynasties of Ancient Egypt. London: Thames and Hudson. Seshat URL: https://www.zotero.org/groups/seshat_databank/items/itemKey/N9DP44W9 $ (Bourriau 2000, 192) Bourriau, Janine. 2000. “The Second Intermediate Period (1650-1550 BC).” In The Oxford History of Ancient Egypt, edited by Ian Shaw, 172–206. Oxford: Oxford University Press. https://books.google.ca/books?hl=en&lr=&id=-9ViUBNEVWkC&oi=fnd&pg=PA172&dq=The+Second+Intermediate+Period+(c.1650-1550+BC)&ots=pKiSTQ1yAj&sig=t3bHALzGVICc6SbP99rrcHzDpUc https://books.google.ca/books?hl=en&lr=&id=-9ViUBNEVWkC&oi=fnd&pg=PA172&dq=The+Second. Seshat URL: https://www.zotero.org/groups/seshat_databank/items/itemKey/A23VN8AF.",
Upper Egypt,Pharaonic_Egypt,Thebes-Hyksos Period,EgThebH,Intef VIII / Sekhemraherhermaat,Sobekemsaf II,U*,1,U*,U*,U*,U*,U*,U*,U*,U*,U*,U*,,"The sources give no details about this ruler's accession or any contestations of his power. An 'uneasy truce' was maintained with the Hyksos kings in the north for the earlier part of the Seventeenth Dynasty (Clayton 1994, 95).","(Shaw 2000) Shaw, Ian. 2000. “Chronology.” In The Oxford History of Ancient Egypt, edited by Ian Shaw, 480–89. Oxford: Oxford University Press. Seshat URL: https://www.zotero.org/groups/seshat_databank/items/itemKey/48FRNB9P $ (Clayton 1994, 95-97) Clayton, Peter A. 1994. Chronicle of the Pharaohs: The Reign-by-Reign Record of the Rulers and Dynasties of Ancient Egypt. London: Thames and Hudson. Seshat URL: https://www.zotero.org/groups/seshat_databank/items/itemKey/N9DP44W9.",
Upper Egypt,Pharaonic_Egypt,Thebes-Hyksos Period,EgThebH,Sobekemsaf II,Siamun,U*,1,U*,U*,U*,U*,U*,U*,U*,U*,U*,U*,,"Sobekemsaf II is from a description of his tomb by tomb-robbers in the Twentieth Dynasty (Bourriau 2000, 192-93), but the sources do not give details on his accession or any contestations during his reign. An 'uneasy truce' was maintained with the Hyksos kings in the north for the earlier part of the Seventeenth Dynasty (Clayton 1994, 95).","(Shaw 2000) Shaw, Ian. 2000. “Chronology.” In The Oxford History of Ancient Egypt, edited by Ian Shaw, 480–89. Oxford: Oxford University Press. Seshat URL: https://www.zotero.org/groups/seshat_databank/items/itemKey/48FRNB9P $ (Clayton 1994, 95-97) Clayton, Peter A. 1994. Chronicle of the Pharaohs: The Reign-by-Reign Record of the Rulers and Dynasties of Ancient Egypt. London: Thames and Hudson. Seshat URL: https://www.zotero.org/groups/seshat_databank/items/itemKey/N9DP44W9 $ (Bourriau 2000, 192-93) Bourriau, Janine. 2000. “The Second Intermediate Period (1650-1550 BC).” In The Oxford History of Ancient Egypt, edited by Ian Shaw, 172–206. Oxford: Oxford University Press. https://books.google.ca/books?hl=en&lr=&id=-9ViUBNEVWkC&oi=fnd&pg=PA172&dq=The+Second+Intermediate+Period+(c.1650-1550+BC)&ots=pKiSTQ1yAj&sig=t3bHALzGVICc6SbP99rrcHzDpUc https://books.google.ca/books?hl=en&lr=&id=-9ViUBNEVWkC&oi=fnd&pg=PA172&dq=The+Second. Seshat URL: https://www.zotero.org/groups/seshat_databank/items/itemKey/A23VN8AF.",
Upper Egypt,Pharaonic_Egypt,Thebes-Hyksos Period,EgThebH,Siamun,Taa / Senakhtenra / Seqenenra,U*,1,U*,U*,U*,U*,U*,U*,U*,U*,U*,U*,,Siamun is marked with a question mark in Shaw's (2000) chronology and is not discussed in the sources I am using.,"(Shaw 2000) Shaw, Ian. 2000. “Chronology.” In The Oxford History of Ancient Egypt, edited by Ian Shaw, 480–89. Oxford: Oxford University Press. Seshat URL: https://www.zotero.org/groups/seshat_databank/items/itemKey/48FRNB9P $ (Clayton 1994, 95-97) Clayton, Peter A. 1994. Chronicle of the Pharaohs: The Reign-by-Reign Record of the Rulers and Dynasties of Ancient Egypt. London: Thames and Hudson. Seshat URL: https://www.zotero.org/groups/seshat_databank/items/itemKey/N9DP44W9.",
